1,2,3,4,5
Rydex Inverse High Yield Strategy Fund,RYIHX US equity,Michael Paul Byrum,MEMBER:FUND MANAGERMENT TEAM,#N/A N/A
,,Jim King,MEMBER: FUND MANAGEMENT TEAM,#N/A N/A
,,#N/A N/A,#N/A N/A,#N/A N/A
,,#N/A N/A,#N/A N/A,#N/A N/A
,,#N/A N/A,#N/A N/A,#N/A N/A
,,#N/A N/A,#N/A N/A,#N/A N/A
,,#N/A N/A,#N/A N/A,#N/A N/A
,,#N/A N/A,#N/A N/A,#N/A N/A
,,#N/A N/A,#N/A N/A,#N/A N/A
,,#N/A N/A,#N/A N/A,#N/A N/A
RiverPark Short Term High Yield Fund,RPHIX US equity,David K Sherman,Fund Manager,10/1/10
,,#N/A N/A,#N/A N/A,#N/A N/A
,,#N/A N/A,#N/A N/A,#N/A N/A
,,#N/A N/A,#N/A N/A,#N/A N/A
,,#N/A N/A,#N/A N/A,#N/A N/A
,,#N/A N/A,#N/A N/A,#N/A N/A
,,#N/A N/A,#N/A N/A,#N/A N/A
,,#N/A N/A,#N/A N/A,#N/A N/A
,,#N/A N/A,#N/A N/A,#N/A N/A
,,#N/A N/A,#N/A N/A,#N/A N/A
CMG Tactical Bond Fund,CHYAX US equity,"Stephen Blumenthal ""Steve""",Fund Manager,#N/A N/A
,,#N/A N/A,#N/A N/A,#N/A N/A
,,#N/A N/A,#N/A N/A,#N/A N/A
,,#N/A N/A,#N/A N/A,#N/A N/A
,,#N/A N/A,#N/A N/A,#N/A N/A
,,#N/A N/A,#N/A N/A,#N/A N/A
,,#N/A N/A,#N/A N/A,#N/A N/A
,,#N/A N/A,#N/A N/A,#N/A N/A
,,#N/A N/A,#N/A N/A,#N/A N/A
,,#N/A N/A,#N/A N/A,#N/A N/A
Delaware Floating Rate II Fund,FRFEX US equity,Adam H Brown,Co-Manager,10/4/19
,,John P McCarthy,Co-Manager,10/4/19
,,#N/A N/A,#N/A N/A,#N/A N/A
,,#N/A N/A,#N/A N/A,#N/A N/A
,,#N/A N/A,#N/A N/A,#N/A N/A
,,#N/A N/A,#N/A N/A,#N/A N/A
,,#N/A N/A,#N/A N/A,#N/A N/A
,,,,
,,,,
,,,,
Northeast Investors Trust,NTHEX US equity,Ernest E Monrad,CO-MANAGER,6/1/60
,,Bruce H Monrad,Lead Portfolio Manager,#N/A N/A
,,#N/A N/A,#N/A N/A,#N/A N/A
,,#N/A N/A,#N/A N/A,#N/A N/A
,,#N/A N/A,#N/A N/A,#N/A N/A
,,#N/A N/A,#N/A N/A,#N/A N/A
,,#N/A N/A,#N/A N/A,#N/A N/A
,,#N/A N/A,#N/A N/A,#N/A N/A
,,#N/A N/A,#N/A N/A,#N/A N/A
,,#N/A N/A,#N/A N/A,#N/A N/A
Putnam Mortgage Opportunities Fund,PMOTX US equity,Michael V Salm,Portfolio Manager,1/1/15
,,Brett S Kozlowski,Portfolio Manager,1/1/15
,,Jatin Misra,Portfolio Manager,1/1/15
,,#N/A N/A,#N/A N/A,#N/A N/A
,,#N/A N/A,#N/A N/A,#N/A N/A
,,#N/A N/A,#N/A N/A,#N/A N/A
,,#N/A N/A,#N/A N/A,#N/A N/A
,,#N/A N/A,#N/A N/A,#N/A N/A
,,,,
,,,,
Stone Ridge High Yield Reinsurance Risk Premium Fund,SHRIX US equity,Ross L Stevens,Member:Fund Management Team,1/1/13
,,Robert Gutmann,Member:Fund Management Team,1/1/13
,,Yan Zhao,Member:Fund Management Team,1/1/13
,,Alexander Nyren,Member:Fund Management Team,2/1/14
,,Ben Robbins,Member:Fund Management Team,5/1/15
,,,,
,,,,
,,,,
,,,,
,,,,
Shenkman Captial Short Duration High Income Fund,SCFAX US equity,Mark R Shenkman,Member: Fund Management Team,#N/A N/A
,,Nicholas Sarchese,Member: Fund Management Team,#N/A N/A
,,Neil Wechsler,Portfolio Manager,#N/A N/A
,,Justin W Slatky,Member:Fund Management Team,7/1/16
,,Jordan Barrow,Member:Fund Management Team,12/1/16
,,#N/A N/A,#N/A N/A,#N/A N/A
,,#N/A N/A,#N/A N/A,#N/A N/A
,,#N/A N/A,#N/A N/A,#N/A N/A
,,#N/A N/A,#N/A N/A,#N/A N/A
,,#N/A N/A,#N/A N/A,#N/A N/A
Wells Fargo Short-Term High Yield Bond Fund,SSTHX US equity,Niklas Nordenfelt,MEMBER FUND MANAGEMENT TEAM,1/1/20
,,Mike Schueller,Member:Fund Management Team,1/1/07
,,#N/A N/A,#N/A N/A,#N/A N/A
,,#N/A N/A,#N/A N/A,#N/A N/A
,,#N/A N/A,#N/A N/A,#N/A N/A
,,#N/A N/A,#N/A N/A,#N/A N/A
,,#N/A N/A,#N/A N/A,#N/A N/A
,,#N/A N/A,#N/A N/A,#N/A N/A
,,,,
,,,,
RBC BlueBay Global Bond Fund,RBTRX US equity,Mark Dowding,Member:Fund Management Team,1/1/14
,,Polina Kurdyavko,Member:Fund Management Team,1/1/14
,,"Michael Reed ""Mike""",Member:Fund Management Team,1/1/14
,,Nick Shearn,Member:Fund Management Team,1/1/14
,,Thomas Kreuzer,Member:Fund Management Team,1/1/16
,,Justin Jewell,Member:Fund Management Team,1/1/16
,,#N/A N/A,#N/A N/A,#N/A N/A
,,#N/A N/A,#N/A N/A,#N/A N/A
,,#N/A N/A,#N/A N/A,#N/A N/A
,,#N/A N/A,#N/A N/A,#N/A N/A
Chartwell Short Duration High Yield Fund,CWFIX US equity,Christine F Williams,Member: Fund Management Team,7/15/14
,,Andrew S Toburen,Member: Fund Management Team,7/15/14
,,John M Hopkins,Member: Fund Management Team,7/15/14
,,#N/A N/A,#N/A N/A,#N/A N/A
,,#N/A N/A,#N/A N/A,#N/A N/A
,,#N/A N/A,#N/A N/A,#N/A N/A
,,#N/A N/A,#N/A N/A,#N/A N/A
,,#N/A N/A,#N/A N/A,#N/A N/A
,,#N/A N/A,#N/A N/A,#N/A N/A
,,#N/A N/A,#N/A N/A,#N/A N/A
Aquila Three Peaks High Income Fund,ATIPX US equity,Sandy Rufenacht,Co-Manager,1/1/06
,,David M Battilega,Co-Manager,1/1/13
,,#N/A N/A,#N/A N/A,#N/A N/A
,,#N/A N/A,#N/A N/A,#N/A N/A
,,#N/A N/A,#N/A N/A,#N/A N/A
,,,,
,,,,
,,,,
,,,,
,,,,
Eaton Vance Short Duration High Income Fund,ESHAX US equity,#N/A N/A,#N/A N/A,#N/A N/A
,,#N/A N/A,#N/A N/A,#N/A N/A
,,#N/A N/A,#N/A N/A,#N/A N/A
,,#N/A N/A,#N/A N/A,#N/A N/A
,,#N/A N/A,#N/A N/A,#N/A N/A
,,#N/A N/A,#N/A N/A,#N/A N/A
,,#N/A N/A,#N/A N/A,#N/A N/A
,,#N/A N/A,#N/A N/A,#N/A N/A
,,#N/A N/A,#N/A N/A,#N/A N/A
,,#N/A N/A,#N/A N/A,#N/A N/A
First Trust Short Duration High Income Fund,FDHAX US equity,Bill Housey,Member:Fund Management Team,1/1/12
,,Scott Fries,Member:Fund Management Team,1/1/12
,,Peter Fasone,Member:Fund Management Team,1/1/12
,,#N/A N/A,#N/A N/A,#N/A N/A
,,#N/A N/A,#N/A N/A,#N/A N/A
,,#N/A N/A,#N/A N/A,#N/A N/A
,,,,
,,,,
,,,,
,,,,
Access Flex High Yield Fund,FYAIX US equity,Jeff Ploshnick,Co-Manager,12/1/04
,,Todd Bruce Johnson,Co-Manager,12/1/08
,,#N/A N/A,#N/A N/A,#N/A N/A
,,#N/A N/A,#N/A N/A,#N/A N/A
,,#N/A N/A,#N/A N/A,#N/A N/A
,,#N/A N/A,#N/A N/A,#N/A N/A
,,#N/A N/A,#N/A N/A,#N/A N/A
,,,,
,,,,
,,,,
Fidelity Advisor Short Duration High Income Fund,FSBHX US equity,Matthew J Conti,Fund Manager,11/1/13
,,Michael R Plage,Fund Manager,11/1/13
,,#N/A N/A,#N/A N/A,#N/A N/A
,,#N/A N/A,#N/A N/A,#N/A N/A
,,#N/A N/A,#N/A N/A,#N/A N/A
,,#N/A N/A,#N/A N/A,#N/A N/A
,,#N/A N/A,#N/A N/A,#N/A N/A
,,#N/A N/A,#N/A N/A,#N/A N/A
,,#N/A N/A,#N/A N/A,#N/A N/A
,,#N/A N/A,#N/A N/A,#N/A N/A
Intrepid Income Fund,ICMUX US equity,Hunter Hayes,LEAD MANAGER,7/1/19
,,Mark F Travis,Co-Lead Portfolio Manager,11/13/18
,,#N/A N/A,#N/A N/A,#N/A N/A
,,#N/A N/A,#N/A N/A,#N/A N/A
,,#N/A N/A,#N/A N/A,#N/A N/A
,,#N/A N/A,#N/A N/A,#N/A N/A
,,#N/A N/A,#N/A N/A,#N/A N/A
,,#N/A N/A,#N/A N/A,#N/A N/A
,,#N/A N/A,#N/A N/A,#N/A N/A
,,#N/A N/A,#N/A N/A,#N/A N/A
AB Limited Duration High Income Portfolio,ALHAX US equity,Gershon M Distenfeld,Member: Fund Management Team,#N/A N/A
,,Sherif M Hamid,Member: Fund Management Team,#N/A N/A
,,Ivan Rudolph-Shabinsky,Member: Fund Management Team,12/9/11
,,#N/A N/A,#N/A N/A,#N/A N/A
,,#N/A N/A,#N/A N/A,#N/A N/A
,,#N/A N/A,#N/A N/A,#N/A N/A
,,#N/A N/A,#N/A N/A,#N/A N/A
,,#N/A N/A,#N/A N/A,#N/A N/A
,,#N/A N/A,#N/A N/A,#N/A N/A
,,,,
City National Rochdale Fixed Income Opportunities Fund,RIMOX US equity,Garrett R D'Alessandro,Member: Fund Management Team,7/1/09
,,Mark E Durbiano,Member: Fund Management Team,7/1/09
,,George Goudelias,Member: Fund Management Team,7/1/09
,,Simon Milledge,Fund Manager,#N/A N/A
,,Stefan Paul Pinter,Member: Fund Management Team,6/1/11
,,Maxim Matveev,Member: Fund Management Team,6/1/11
,,Theodore Stohner,Member: Fund Management Team,6/1/11
,,Bruce D Simon,Member: Fund Management Team,4/1/13
,,Graham Rainbow,Member: Fund Management Team,3/1/14
,,,,
AllianzGI Short Duration High Income Fund,ASHAX US equity,Douglas G Forsyth,Member: Fund Management Team,#N/A N/A
,,Steven Gish,Member: Fund Management Team,1/1/14
,,James Dudnick,Member: Fund Management Team,1/1/14
,,#N/A N/A,#N/A N/A,#N/A N/A
,,#N/A N/A,#N/A N/A,#N/A N/A
,,,,
,,,,
,,,,
,,,,
,,,,
MainStay MacKay Short Duration High Yield Fund,MDHAX US equity,Andrew Susser,Fund Manager,12/1/12
,,#N/A N/A,#N/A N/A,#N/A N/A
,,#N/A N/A,#N/A N/A,#N/A N/A
,,#N/A N/A,#N/A N/A,#N/A N/A
,,#N/A N/A,#N/A N/A,#N/A N/A
,,#N/A N/A,#N/A N/A,#N/A N/A
,,#N/A N/A,#N/A N/A,#N/A N/A
,,,,
,,,,
,,,,
BMO Strategic Income Fund,MRGIX US equity,Scott M Kimball,Co Manager,1/1/13
,,Frank J Reda,Co-Manager,1/1/17
,,#N/A N/A,#N/A N/A,#N/A N/A
,,#N/A N/A,#N/A N/A,#N/A N/A
,,,,
,,,,
,,,,
,,,,
,,,,
,,,,
PGIM Short Duration High Yield,HYSAX US equity,Ryan Kelly,Member:Fund Management Team,10/1/12
,,Robert Spano,Member:Fund Management Team,10/1/12
,,Daniel Thorogood,Member:Fund Management Team,10/1/12
,,Robert Cignarella,Member:Fund Management Team,#N/A N/A
,,Brian Clapp,Member:Fund Management Team,1/1/13
,,#N/A N/A,#N/A N/A,#N/A N/A
,,#N/A N/A,#N/A N/A,#N/A N/A
,,#N/A N/A,#N/A N/A,#N/A N/A
,,#N/A N/A,#N/A N/A,#N/A N/A
,,#N/A N/A,#N/A N/A,#N/A N/A
Calamos High Income Fund,CCHYX US equity,#N/A N/A,#N/A N/A,#N/A N/A
,,#N/A N/A,#N/A N/A,#N/A N/A
,,Jon Vacko,Member: Fund Management Team,1/1/03
,,Jeremy Hughes,Member: Fund Management Team,#N/A N/A
,,Eli Pars,Member: Fund Management Team,#N/A N/A
,,Nicholas Niziolek,Member: Fund Management Team,3/1/13
,,Chuck Carmody,Member: Fund Management Team,2/29/16
,,Matt Freund,Member:Fund Management Team,11/1/16
,,,,
,,,,
Touchstone High Yield Fund,THYCX US equity,Brendan M White,FUND MANAGER,5/1/00
,,#N/A N/A,#N/A N/A,#N/A N/A
,,#N/A N/A,#N/A N/A,#N/A N/A
,,#N/A N/A,#N/A N/A,#N/A N/A
,,#N/A N/A,#N/A N/A,#N/A N/A
,,#N/A N/A,#N/A N/A,#N/A N/A
,,#N/A N/A,#N/A N/A,#N/A N/A
,,#N/A N/A,#N/A N/A,#N/A N/A
,,,,
,,,,
Invesco High Yield Fund,AMHYX US equity,Joseph Portera,Member Fund Management Team,1/1/20
,,Niklas Nordenfelt,Member Fund Management Team,1/1/20
,,Scott Roberts,Member Fund Management Team,11/1/10
,,#N/A N/A,#N/A N/A,#N/A N/A
,,#N/A N/A,#N/A N/A,#N/A N/A
,,#N/A N/A,#N/A N/A,#N/A N/A
,,#N/A N/A,#N/A N/A,#N/A N/A
,,#N/A N/A,#N/A N/A,#N/A N/A
,,#N/A N/A,#N/A N/A,#N/A N/A
,,,,
Lazard US Corporate Income Portfolio,LZHYX US equity,Jeffrey Clarke,Fund Manager,8/31/17
,,#N/A N/A,#N/A N/A,#N/A N/A
,,#N/A N/A,#N/A N/A,#N/A N/A
,,#N/A N/A,#N/A N/A,#N/A N/A
,,#N/A N/A,#N/A N/A,#N/A N/A
,,#N/A N/A,#N/A N/A,#N/A N/A
,,#N/A N/A,#N/A N/A,#N/A N/A
,,#N/A N/A,#N/A N/A,#N/A N/A
,,#N/A N/A,#N/A N/A,#N/A N/A
,,#N/A N/A,#N/A N/A,#N/A N/A
MFS Global High Yield Fund,MHOBX US equity,Matthew W Ryan,MEMBER:FUND MANAGEMENT TEAM,1/1/05
,,Bill Adams,Member: Fund Management Team,5/1/11
,,Mike Skatrud,Member:Fund Management Team,3/1/18
,,David Cole,Member: Fund Management Team,1/1/06
,,#N/A N/A,#N/A N/A,#N/A N/A
,,,,
,,,,
,,,,
,,,,
,,,,
Janus Henderson Developed World Bond Fund,HFAAX US equity,Jenna Barnard,Co-Manager,12/1/08
,,John Pattullo,Co-Manager,12/1/08
,,#N/A N/A,#N/A N/A,#N/A N/A
,,#N/A N/A,#N/A N/A,#N/A N/A
,,#N/A N/A,#N/A N/A,#N/A N/A
,,#N/A N/A,#N/A N/A,#N/A N/A
,,#N/A N/A,#N/A N/A,#N/A N/A
,,#N/A N/A,#N/A N/A,#N/A N/A
,,#N/A N/A,#N/A N/A,#N/A N/A
,,#N/A N/A,#N/A N/A,#N/A N/A
Barings Global Credit Income Opportunities Fund,BXIAX US equity,Sean Feeley,Member:Fund Management Team,#N/A N/A
,,Scott Roth,Member:Fund Management Team,#N/A N/A
,,Thomas McDonnell,Member:Fund Management Team,#N/A N/A
,,David Mihalick,Member:Fund Management Team,#N/A N/A
,,Martin Horne,Portfolio Manager,3/8/16
,,#N/A N/A,#N/A N/A,#N/A N/A
,,,,
,,,,
,,,,
,,,,
Dunham High Yield Bond Fund,DCHYX US equity,#N/A N/A,#N/A N/A,#N/A N/A
,,#N/A N/A,#N/A N/A,#N/A N/A
,,#N/A N/A,#N/A N/A,#N/A N/A
,,#N/A N/A,#N/A N/A,#N/A N/A
,,#N/A N/A,#N/A N/A,#N/A N/A
,,#N/A N/A,#N/A N/A,#N/A N/A
,,#N/A N/A,#N/A N/A,#N/A N/A
,,#N/A N/A,#N/A N/A,#N/A N/A
,,#N/A N/A,#N/A N/A,#N/A N/A
,,,,
Delaware Fund For Income Fund,FIFIX US equity,Paul A Matlack,Member:Fund Management Team,10/4/19
,,Adam H Brown,Member:Fund Management Team,10/4/19
,,Craig C Dembek,Member:Fund Management Team,10/4/19
,,John P McCarthy,Member:Fund Management Team,10/4/19
,,#N/A N/A,#N/A N/A,#N/A N/A
,,#N/A N/A,#N/A N/A,#N/A N/A
,,#N/A N/A,#N/A N/A,#N/A N/A
,,#N/A N/A,#N/A N/A,#N/A N/A
,,#N/A N/A,#N/A N/A,#N/A N/A
,,#N/A N/A,#N/A N/A,#N/A N/A
AllianzGI High Yield Bond Fund,AYBVX US equity,#N/A N/A,#N/A N/A,#N/A N/A
,,#N/A N/A,#N/A N/A,#N/A N/A
,,#N/A N/A,#N/A N/A,#N/A N/A
,,#N/A N/A,#N/A N/A,#N/A N/A
,,#N/A N/A,#N/A N/A,#N/A N/A
,,#N/A N/A,#N/A N/A,#N/A N/A
,,#N/A N/A,#N/A N/A,#N/A N/A
,,#N/A N/A,#N/A N/A,#N/A N/A
,,#N/A N/A,#N/A N/A,#N/A N/A
,,#N/A N/A,#N/A N/A,#N/A N/A
Buffalo High Yield Fund Inc,BUFHX US equity,Jeff Sitzmann,MEMBER: FUND MANAGEMENT TEAM,#N/A N/A
,,Paul Dlugosch,MEMBER: FUND MANAGEMENT TEAM,#N/A N/A
,,"Alexander Hancock ""Alex""",MEMBER: FUND MANAGEMENT TEAM,#N/A N/A
,,Jeff Deardorff,Member: Fund Management Team,1/1/15
,,#N/A N/A,#N/A N/A,#N/A N/A
,,,,
,,,,
,,,,
,,,,
,,,,
Western Asset Short Duration High Income Fund,SHIAX US equity,Walter E Kilcullen,Member:Fund Management Team,1/1/12
,,"S Kenneth Leech ""Ken""",Member:Fund Management Team,1/1/14
,,Michael C Buchanan,Member:Fund Management Team,1/1/06
,,#N/A N/A,#N/A N/A,#N/A N/A
,,#N/A N/A,#N/A N/A,#N/A N/A
,,#N/A N/A,#N/A N/A,#N/A N/A
,,#N/A N/A,#N/A N/A,#N/A N/A
,,#N/A N/A,#N/A N/A,#N/A N/A
,,#N/A N/A,#N/A N/A,#N/A N/A
,,#N/A N/A,#N/A N/A,#N/A N/A
Thrivent High Yield Fund,LBHYX US equity,#N/A N/A,#N/A N/A,#N/A N/A
,,#N/A N/A,#N/A N/A,#N/A N/A
,,#N/A N/A,#N/A N/A,#N/A N/A
,,#N/A N/A,#N/A N/A,#N/A N/A
,,#N/A N/A,#N/A N/A,#N/A N/A
,,#N/A N/A,#N/A N/A,#N/A N/A
,,#N/A N/A,#N/A N/A,#N/A N/A
,,#N/A N/A,#N/A N/A,#N/A N/A
,,#N/A N/A,#N/A N/A,#N/A N/A
,,#N/A N/A,#N/A N/A,#N/A N/A
HSBC Strategic Income Fund,HBIAX US equity,Ricky Liu,Lead Manager,7/14/15
,,Jerry Samet,Co-Manager,7/14/15
,,#N/A N/A,#N/A N/A,#N/A N/A
,,#N/A N/A,#N/A N/A,#N/A N/A
,,#N/A N/A,#N/A N/A,#N/A N/A
,,,,
,,,,
,,,,
,,,,
,,,,
Pioneer Global High Yield Fund,PGHYX US equity,Matt Shulkin,Co Manager,10/1/19
,,Ken Monaghan,Co Manager,10/1/17
,,Andrew D Feltus,Co-Manager,1/1/01
,,#N/A N/A,#N/A N/A,#N/A N/A
,,#N/A N/A,#N/A N/A,#N/A N/A
,,#N/A N/A,#N/A N/A,#N/A N/A
,,#N/A N/A,#N/A N/A,#N/A N/A
,,#N/A N/A,#N/A N/A,#N/A N/A
,,#N/A N/A,#N/A N/A,#N/A N/A
,,#N/A N/A,#N/A N/A,#N/A N/A
AB High Income Fund Inc,AGDAX US equity,Paul J Denoon,Member: Fund Management Team,8/1/02
,,Gershon M Distenfeld,Member: Fund Management Team,1/1/08
,,"Douglas J Peebles ""Doug""",Member: Fund Management Team,1/1/02
,,Matt Sheridan,Member: Fund Management Team,1/1/05
,,Marco G Santamaria,Member: Fund Management Team,1/1/10
,,,,
,,,,
,,,,
,,,,
,,,,
MainStay MacKay High Yield Corporate Bond Fund,MKHCX US equity,Andrew Susser,Fund Manager,2/1/13
,,#N/A N/A,#N/A N/A,#N/A N/A
,,#N/A N/A,#N/A N/A,#N/A N/A
,,#N/A N/A,#N/A N/A,#N/A N/A
,,#N/A N/A,#N/A N/A,#N/A N/A
,,#N/A N/A,#N/A N/A,#N/A N/A
,,#N/A N/A,#N/A N/A,#N/A N/A
,,#N/A N/A,#N/A N/A,#N/A N/A
,,#N/A N/A,#N/A N/A,#N/A N/A
,,#N/A N/A,#N/A N/A,#N/A N/A
Aberdeen Global High Income Fund,BJBHX US equity,Erlend Lochen,MEMBER FUND MANAGEMENT TEAM,1/1/19
,,Arthur Milson,Member Fund Management Team,1/1/19
,,George Westervelt,MEMBER FUND MANAGEMENT TEAM,1/1/20
,,"Matthew Kence ""Matt""",MEMBER FUND MANAGEMENT TEAM,1/1/20
,,Ben Pakenham,Member Fund Management Team,1/1/16
,,,,
,,,,
,,,,
,,,,
,,,,
Hotchkis & Wiley High Yield Fund,HWHIX US equity,Ray Kennedy,Member:Fund Management Team,1/1/09
,,Mark Hudoff,Member:Fund Management Team,1/1/09
,,Patrick Meegan,Member:Fund Management Team,1/1/12
,,Richard Mak,Member:Fund Management Team,1/1/14
,,#N/A N/A,#N/A N/A,#N/A N/A
,,,,
,,,,
,,,,
,,,,
,,,,
Eaton Vance Income Fund of Boston,EVIBX US equity,Kelley G Baccei,Member:Fund Management Team,#N/A N/A
,,Steve Concannon,Member:Fund Management Team,#N/A N/A
,,Jeffrey D Mueller,Member:Fund Management Team,#N/A N/A
,,#N/A N/A,#N/A N/A,#N/A N/A
,,#N/A N/A,#N/A N/A,#N/A N/A
,,#N/A N/A,#N/A N/A,#N/A N/A
,,#N/A N/A,#N/A N/A,#N/A N/A
,,#N/A N/A,#N/A N/A,#N/A N/A
,,#N/A N/A,#N/A N/A,#N/A N/A
,,,,
Eaton Vance High Income Opportunities Fund,ETHIX US equity,Jeffrey D Mueller,Member:Fund Management Team,#N/A N/A
,,Kelley G Baccei,Member: Fund Management Team,11/1/14
,,Steve Concannon,Member: Fund Management Team,11/3/14
,,#N/A N/A,#N/A N/A,#N/A N/A
,,#N/A N/A,#N/A N/A,#N/A N/A
,,#N/A N/A,#N/A N/A,#N/A N/A
,,#N/A N/A,#N/A N/A,#N/A N/A
,,#N/A N/A,#N/A N/A,#N/A N/A
,,#N/A N/A,#N/A N/A,#N/A N/A
,,,,
Wells Fargo High Yield Bond Fund,EKHAX US equity,Robert Junkin,MEMBER FUND MANAGEMENT TEAM,4/1/19
,,Margaret Patel,Fund Manager,1/1/12
,,#N/A N/A,#N/A N/A,#N/A N/A
,,#N/A N/A,#N/A N/A,#N/A N/A
,,#N/A N/A,#N/A N/A,#N/A N/A
,,#N/A N/A,#N/A N/A,#N/A N/A
,,#N/A N/A,#N/A N/A,#N/A N/A
,,#N/A N/A,#N/A N/A,#N/A N/A
,,,,
,,,,
Invesco High Yield Bond Factor Fund,OGYAX US equity,#N/A N/A,#N/A N/A,#N/A N/A
,,#N/A N/A,#N/A N/A,#N/A N/A
,,#N/A N/A,#N/A N/A,#N/A N/A
,,#N/A N/A,#N/A N/A,#N/A N/A
,,#N/A N/A,#N/A N/A,#N/A N/A
,,#N/A N/A,#N/A N/A,#N/A N/A
,,#N/A N/A,#N/A N/A,#N/A N/A
,,#N/A N/A,#N/A N/A,#N/A N/A
,,#N/A N/A,#N/A N/A,#N/A N/A
,,#N/A N/A,#N/A N/A,#N/A N/A
JPMorgan High Yield Fund,OHYFX US equity,Rob Cook,Member:Fund Management Team,#N/A N/A
,,Thomas Hauser,Member:Fund Management Team,#N/A N/A
,,Jeff Lovell,Member:Fund Management Team,#N/A N/A
,,Bill Morgan,Member:Fund Management Team,11/13/98
,,James P Shanahan Jr,Member:Fund Management Team,11/13/98
,,#N/A N/A,#N/A N/A,#N/A N/A
,,#N/A N/A,#N/A N/A,#N/A N/A
,,#N/A N/A,#N/A N/A,#N/A N/A
,,#N/A N/A,#N/A N/A,#N/A N/A
,,#N/A N/A,#N/A N/A,#N/A N/A
Calvert High Yield Bond Fund,CYBIX US equity,Michael W Weilheimer,MEMBER FUND MANAGEMENT TEAM,#N/A N/A
,,Stephen Concannon,MEMBER FUND MANAGEMENT TEAM,#N/A N/A
,,Rafe Leeman,MEMBER FUND MANAGEMENT TEAM,1/1/16
,,#N/A N/A,#N/A N/A,#N/A N/A
,,#N/A N/A,#N/A N/A,#N/A N/A
,,#N/A N/A,#N/A N/A,#N/A N/A
,,#N/A N/A,#N/A N/A,#N/A N/A
,,#N/A N/A,#N/A N/A,#N/A N/A
,,#N/A N/A,#N/A N/A,#N/A N/A
,,#N/A N/A,#N/A N/A,#N/A N/A
Fidelity Focused High Income Fund,FHIFX US equity,Matthew J Conti,Co-Manager,9/8/04
,,Michael Weaver,Co-Manager,6/29/18
,,#N/A N/A,#N/A N/A,#N/A N/A
,,#N/A N/A,#N/A N/A,#N/A N/A
,,#N/A N/A,#N/A N/A,#N/A N/A
,,#N/A N/A,#N/A N/A,#N/A N/A
,,#N/A N/A,#N/A N/A,#N/A N/A
,,#N/A N/A,#N/A N/A,#N/A N/A
,,#N/A N/A,#N/A N/A,#N/A N/A
,,,,
Morgan Stanley Pathway Funds - High Yield Fund,THYUX US equity,Richard A Hocker,Member: Fund Management Team,1/1/06
,,Michael C Buchanan,Member: Fund Management Team,1/1/05
,,"S Kenneth Leech ""Ken""",Member: Fund Management Team,1/1/14
,,Martin A Smith,Member: Fund Management Team,1/1/15
,,David Jackson,Member: Fund Management Team,1/1/15
,,#N/A N/A,#N/A N/A,#N/A N/A
,,#N/A N/A,#N/A N/A,#N/A N/A
,,#N/A N/A,#N/A N/A,#N/A N/A
,,#N/A N/A,#N/A N/A,#N/A N/A
,,#N/A N/A,#N/A N/A,#N/A N/A
American Century High-Yield Fund,AHYVX US equity,John F Walsh,Member: Fund Management Team,#N/A N/A
,,Jeff Houston,Member: Fund Management Team,#N/A N/A
,,Gavin Fleischman,Member: Fund Management Team,#N/A N/A
,,David Macewen,Member: Fund Management Team,1/1/08
,,Kevin Akioka,Member: Fund Management Team,1/1/10
,,#N/A N/A,#N/A N/A,#N/A N/A
,,#N/A N/A,#N/A N/A,#N/A N/A
,,#N/A N/A,#N/A N/A,#N/A N/A
,,#N/A N/A,#N/A N/A,#N/A N/A
,,#N/A N/A,#N/A N/A,#N/A N/A
DDJ Capital Opportunistic High Yield Fund,DDJCX US equity,David J Breazzano,Member:Fund Management Team,6/1/16
,,"Benjamin J Santonelli ""Ben""",Member:Fund Management Team,6/1/16
,,John W Sherman,Member:Fund Management Team,6/1/16
,,#N/A N/A,#N/A N/A,#N/A N/A
,,#N/A N/A,#N/A N/A,#N/A N/A
,,#N/A N/A,#N/A N/A,#N/A N/A
,,#N/A N/A,#N/A N/A,#N/A N/A
,,,,
,,,,
,,,,
Principal High Income Fund,PYHIX US equity,Tom O'Reilly,Fund Manager,7/19/07
,,#N/A N/A,#N/A N/A,#N/A N/A
,,#N/A N/A,#N/A N/A,#N/A N/A
,,#N/A N/A,#N/A N/A,#N/A N/A
,,#N/A N/A,#N/A N/A,#N/A N/A
,,#N/A N/A,#N/A N/A,#N/A N/A
,,#N/A N/A,#N/A N/A,#N/A N/A
,,#N/A N/A,#N/A N/A,#N/A N/A
,,#N/A N/A,#N/A N/A,#N/A N/A
,,,,
Columbia High Yield Bond Fund,INEAX US equity,Daniel Deyoung,Co-Manager,#N/A N/A
,,Brian Lavin,Co-Manager,5/1/10
,,#N/A N/A,#N/A N/A,#N/A N/A
,,#N/A N/A,#N/A N/A,#N/A N/A
,,#N/A N/A,#N/A N/A,#N/A N/A
,,#N/A N/A,#N/A N/A,#N/A N/A
,,,,
,,,,
,,,,
,,,,
BNY Mellon High Yield Fund,DPLTX US equity,Chris Barris,Co-Manager,10/28/10
,,Kevin L Cronk,Co-Manager,9/14/12
,,#N/A N/A,#N/A N/A,#N/A N/A
,,#N/A N/A,#N/A N/A,#N/A N/A
,,#N/A N/A,#N/A N/A,#N/A N/A
,,#N/A N/A,#N/A N/A,#N/A N/A
,,#N/A N/A,#N/A N/A,#N/A N/A
,,#N/A N/A,#N/A N/A,#N/A N/A
,,,,
,,,,
MassMutual Premier High Yield Fund,MPHAX US equity,Scott Roth,Fund Manager,#N/A N/A
,,Sean Feeley,Fund Manager,#N/A N/A
,,#N/A N/A,#N/A N/A,#N/A N/A
,,#N/A N/A,#N/A N/A,#N/A N/A
,,#N/A N/A,#N/A N/A,#N/A N/A
,,#N/A N/A,#N/A N/A,#N/A N/A
,,#N/A N/A,#N/A N/A,#N/A N/A
,,#N/A N/A,#N/A N/A,#N/A N/A
,,#N/A N/A,#N/A N/A,#N/A N/A
,,,,
HSBC High Yield Bond Fund,HBYAX US equity,Mary Gottshall Bowers,Co-Manager,7/14/15
,,Ricky Liu,Co-Manager,7/14/15
,,#N/A N/A,#N/A N/A,#N/A N/A
,,#N/A N/A,#N/A N/A,#N/A N/A
,,#N/A N/A,#N/A N/A,#N/A N/A
,,#N/A N/A,#N/A N/A,#N/A N/A
,,#N/A N/A,#N/A N/A,#N/A N/A
,,#N/A N/A,#N/A N/A,#N/A N/A
,,#N/A N/A,#N/A N/A,#N/A N/A
,,#N/A N/A,#N/A N/A,#N/A N/A
Pioneer High Yield Fund,TAHYX US equity,Ken Monaghan,Co Manager,10/1/19
,,Andrew D Feltus,Co-Manager,1/1/07
,,Matt Shulkin,Co Manager,10/1/17
,,#N/A N/A,#N/A N/A,#N/A N/A
,,#N/A N/A,#N/A N/A,#N/A N/A
,,#N/A N/A,#N/A N/A,#N/A N/A
,,#N/A N/A,#N/A N/A,#N/A N/A
,,#N/A N/A,#N/A N/A,#N/A N/A
,,#N/A N/A,#N/A N/A,#N/A N/A
,,#N/A N/A,#N/A N/A,#N/A N/A
Voya High Yield Bond Fund,IHYAX US equity,#N/A N/A,#N/A N/A,#N/A N/A
,,#N/A N/A,#N/A N/A,#N/A N/A
,,Matt Toms,Member: Fund Management Team,3/1/10
,,#N/A N/A,#N/A N/A,#N/A N/A
,,#N/A N/A,#N/A N/A,#N/A N/A
,,#N/A N/A,#N/A N/A,#N/A N/A
,,#N/A N/A,#N/A N/A,#N/A N/A
,,#N/A N/A,#N/A N/A,#N/A N/A
,,#N/A N/A,#N/A N/A,#N/A N/A
,,,,
Goldman Sachs High Yield Fund,GSHAX US equity,Robert Magnuson,Member: Fund Management Team,1/1/14
,,Rachel C Golder,Member: Fund Management Team,#N/A N/A
,,#N/A N/A,#N/A N/A,#N/A N/A
,,#N/A N/A,#N/A N/A,#N/A N/A
,,#N/A N/A,#N/A N/A,#N/A N/A
,,#N/A N/A,#N/A N/A,#N/A N/A
,,#N/A N/A,#N/A N/A,#N/A N/A
,,#N/A N/A,#N/A N/A,#N/A N/A
,,#N/A N/A,#N/A N/A,#N/A N/A
,,#N/A N/A,#N/A N/A,#N/A N/A
Transamerica High Yield Bond,IHIYX US equity,#N/A N/A,#N/A N/A,#N/A N/A
,,Ben Miller,Member:Fund Management Team,1/1/06
,,"James K Schaeffer Jr ""Jim""",Member: Fund Management Team,1/1/07
,,Kevin Bakker,Member: Fund Management Team,1/1/07
,,,,
,,,,
,,,,
,,,,
,,,,
,,,,
MFS High Income Fund,MHITX US equity,Bill Adams,Member:Fund Management Team,5/1/11
,,Mike Skatrud,Member:Fund Management Team,3/1/18
,,David Cole,Member:Fund Management Team,1/1/06
,,#N/A N/A,#N/A N/A,#N/A N/A
,,#N/A N/A,#N/A N/A,#N/A N/A
,,#N/A N/A,#N/A N/A,#N/A N/A
,,#N/A N/A,#N/A N/A,#N/A N/A
,,#N/A N/A,#N/A N/A,#N/A N/A
,,#N/A N/A,#N/A N/A,#N/A N/A
,,#N/A N/A,#N/A N/A,3/1/18
Janus Henderson High-Yield Fund,JHYAX US equity,#N/A N/A,#N/A N/A,#N/A N/A
,,#N/A N/A,#N/A N/A,#N/A N/A
,,#N/A N/A,#N/A N/A,#N/A N/A
,,#N/A N/A,#N/A N/A,#N/A N/A
,,#N/A N/A,#N/A N/A,#N/A N/A
,,#N/A N/A,#N/A N/A,#N/A N/A
,,#N/A N/A,#N/A N/A,#N/A N/A
,,#N/A N/A,#N/A N/A,#N/A N/A
,,#N/A N/A,#N/A N/A,#N/A N/A
,,#N/A N/A,#N/A N/A,#N/A N/A
Stone Harbor High Yield Bond Fund,SHHYX US equity,Marianne Rossi,Member: Fund Management Team,9/1/10
,,Peter J Wilby,Member: Fund Management Team,8/1/07
,,"Daniel Berkery ""Dan""",Member: Fund Management Team,9/1/10
,,Cathy Nolan,Member: Fund Management Team,1/1/12
,,#N/A N/A,#N/A N/A,#N/A N/A
,,#N/A N/A,#N/A N/A,#N/A N/A
,,#N/A N/A,#N/A N/A,#N/A N/A
,,#N/A N/A,#N/A N/A,#N/A N/A
,,#N/A N/A,#N/A N/A,#N/A N/A
,,#N/A N/A,#N/A N/A,#N/A N/A
Timothy Plan High Yield Bond Fund,TPHAX US equity,#N/A N/A,#N/A N/A,#N/A N/A
,,Mark C Luchsinger,Member: Fund Management Team,5/1/07
,,J Scott McDonald,Member: Fund Management Team,5/1/07
,,Deborah Petruzzelli,Member: Fund Management Team,5/1/07
,,Erik A Olson,Member:Fund Management Team,1/1/14
,,John Steven Williams,Member:Fund Management Team,5/2/07
,,,,
,,,,
,,,,
,,,,
PIMCO High Yield Fund,PHDAX US equity,Andrew R Jessop,Co-Manager,1/1/10
,,Sonali Pier,CO MANAGER,7/27/19
,,#N/A N/A,#N/A N/A,#N/A N/A
,,#N/A N/A,#N/A N/A,#N/A N/A
,,#N/A N/A,#N/A N/A,#N/A N/A
,,#N/A N/A,#N/A N/A,#N/A N/A
,,#N/A N/A,#N/A N/A,#N/A N/A
,,#N/A N/A,#N/A N/A,#N/A N/A
,,#N/A N/A,#N/A N/A,#N/A N/A
,,#N/A N/A,#N/A N/A,#N/A N/A
Harbor High-Yield Bond Fund,HYFAX US equity,Mark R Shenkman,Portfolio Manager,1/1/02
,,Justin W Slatky,Portfolio Manager,1/1/12
,,Eric Dobbin,Portfolio Manager,1/1/12
,,Bob Kricheff,Portfolio Manager,1/1/15
,,Neil Wechsler,Portfolio Manager,1/1/16
,,#N/A N/A,#N/A N/A,#N/A N/A
,,#N/A N/A,#N/A N/A,#N/A N/A
,,,,
,,,,
,,,,
First Eagle Funds - First Eagle High Income Fund,FEHAX US equity,Edward Meigs,Member:Fund Management Team,11/19/07
,,Sean Michael Slein,Member:Fund Management Team,11/19/07
,,#N/A N/A,#N/A N/A,#N/A N/A
,,#N/A N/A,#N/A N/A,#N/A N/A
,,#N/A N/A,#N/A N/A,#N/A N/A
,,#N/A N/A,#N/A N/A,#N/A N/A
,,#N/A N/A,#N/A N/A,#N/A N/A
,,#N/A N/A,#N/A N/A,#N/A N/A
,,#N/A N/A,#N/A N/A,#N/A N/A
,,#N/A N/A,#N/A N/A,#N/A N/A
Barings US High Yield Fund,BXHAX US equity,#N/A N/A,#N/A N/A,#N/A N/A
,,#N/A N/A,#N/A N/A,#N/A N/A
,,#N/A N/A,#N/A N/A,#N/A N/A
,,#N/A N/A,#N/A N/A,#N/A N/A
,,#N/A N/A,#N/A N/A,#N/A N/A
,,#N/A N/A,#N/A N/A,#N/A N/A
,,#N/A N/A,#N/A N/A,#N/A N/A
,,#N/A N/A,#N/A N/A,#N/A N/A
,,#N/A N/A,#N/A N/A,#N/A N/A
,,#N/A N/A,#N/A N/A,#N/A N/A
Penn Capital Multi-Credit High Income Fund,PHYNX US equity,David Jackson,PORTFOLIO MANAGER,12/1/15
,,#N/A N/A,#N/A N/A,#N/A N/A
,,#N/A N/A,#N/A N/A,#N/A N/A
,,#N/A N/A,#N/A N/A,#N/A N/A
,,#N/A N/A,#N/A N/A,#N/A N/A
,,#N/A N/A,#N/A N/A,#N/A N/A
,,#N/A N/A,#N/A N/A,#N/A N/A
,,#N/A N/A,#N/A N/A,#N/A N/A
,,#N/A N/A,#N/A N/A,#N/A N/A
,,#N/A N/A,#N/A N/A,#N/A N/A
Fidelity Global High Income Fund,FGHNX US equity,#N/A N/A,#N/A N/A,#N/A N/A
,,Ian Spreadbury,Member: Fund Management Team,5/11/11
,,Harley J Lank,Member: Fund Management Team,5/11/11
,,Lisa J Roche,Member:Fund Management Team,6/29/13
,,John H Carlson,Member Fund Management Team,1/1/19
,,James Durance,Member:Fund Management Team,1/1/19
,,,,
,,,,
,,,,
,,,,
Westwood High Income Fund,WHGHX US equity,Brendan M Ryan,FUND MANAGER,#N/A N/A
,,Adrian Helfert,FUND MANAGER,1/1/19
,,#N/A N/A,#N/A N/A,#N/A N/A
,,#N/A N/A,#N/A N/A,#N/A N/A
,,,,
,,,,
,,,,
,,,,
,,,,
,,,,
Vanguard High-Yield Corporate Fund,VWEHX US equity,Michael L Hong,FUND MANAGER,1/1/08
,,#N/A N/A,#N/A N/A,#N/A N/A
,,#N/A N/A,#N/A N/A,#N/A N/A
,,#N/A N/A,#N/A N/A,#N/A N/A
,,#N/A N/A,#N/A N/A,#N/A N/A
,,#N/A N/A,#N/A N/A,#N/A N/A
,,#N/A N/A,#N/A N/A,#N/A N/A
,,#N/A N/A,#N/A N/A,#N/A N/A
,,#N/A N/A,#N/A N/A,#N/A N/A
,,#N/A N/A,#N/A N/A,#N/A N/A
Northern High Yield Fixed Income Fund,NHFIX US equity,Benjamin McCubbin,Co Manager,#N/A N/A
,,Eric Williams,Fund Manager,#N/A N/A
,,#N/A N/A,#N/A N/A,#N/A N/A
,,#N/A N/A,#N/A N/A,#N/A N/A
,,#N/A N/A,#N/A N/A,#N/A N/A
,,#N/A N/A,#N/A N/A,#N/A N/A
,,#N/A N/A,#N/A N/A,#N/A N/A
,,#N/A N/A,#N/A N/A,#N/A N/A
,,#N/A N/A,#N/A N/A,#N/A N/A
,,#N/A N/A,#N/A N/A,#N/A N/A
Loomis Sayles Institutional High Income Fund,LSHIX US equity,#N/A N/A,#N/A N/A,#N/A N/A
,,#N/A N/A,#N/A N/A,#N/A N/A
,,"Matthew J Eagan ""Matt""",Member: Fund Management Team,2/1/07
,,#N/A N/A,#N/A N/A,#N/A N/A
,,#N/A N/A,#N/A N/A,#N/A N/A
,,#N/A N/A,#N/A N/A,#N/A N/A
,,#N/A N/A,#N/A N/A,#N/A N/A
,,#N/A N/A,#N/A N/A,#N/A N/A
,,#N/A N/A,#N/A N/A,#N/A N/A
,,,,
Neuberger Berman High Income Bond Fund,NHINX US equity,Joseph W Lind,MEMBER FUND MANAGEMENT TEAM,12/31/19
,,Chris Kocinski,MEMBER FUND MANAGEMENT TEAM,12/31/19
,,Russ Covode,Member: Fund Management Team,2/28/11
,,Dan Doyle,Member: Fund Management Team,2/28/14
,,#N/A N/A,#N/A N/A,#N/A N/A
,,#N/A N/A,#N/A N/A,#N/A N/A
,,#N/A N/A,#N/A N/A,#N/A N/A
,,#N/A N/A,#N/A N/A,#N/A N/A
,,,,
,,,,
Metropolitan West High Yield Bond Fund,MWHYX US equity,Stephen M Kane,FUND MANAGER,1/1/96
,,Laird R Landmann,Fund Manager,1/1/96
,,#N/A N/A,#N/A N/A,#N/A N/A
,,#N/A N/A,#N/A N/A,#N/A N/A
,,#N/A N/A,#N/A N/A,#N/A N/A
,,#N/A N/A,#N/A N/A,#N/A N/A
,,#N/A N/A,#N/A N/A,#N/A N/A
,,#N/A N/A,#N/A N/A,#N/A N/A
,,#N/A N/A,#N/A N/A,#N/A N/A
,,#N/A N/A,#N/A N/A,#N/A N/A
Segall Bryant & Hamill Quality High Yield Fund,WTLTX US equity,#N/A N/A,#N/A N/A,#N/A N/A
,,Gregory M Shea,Co-Manager,5/10/16
,,#N/A N/A,#N/A N/A,#N/A N/A
,,#N/A N/A,#N/A N/A,#N/A N/A
,,#N/A N/A,#N/A N/A,#N/A N/A
,,,,
,,,,
,,,,
,,,,
,,,,
John Hancock High Yield Fund,JHHBX US equity,Caryn Rothman,Member:Fund Management Team,#N/A N/A
,,John Addeo,Member:Fund Management Team,7/1/12
,,Dennis F McCafferty,Member:Fund Management Team,12/21/09
,,#N/A N/A,#N/A N/A,#N/A N/A
,,#N/A N/A,#N/A N/A,#N/A N/A
,,#N/A N/A,#N/A N/A,#N/A N/A
,,#N/A N/A,#N/A N/A,#N/A N/A
,,,,
,,,,
,,,,
Virtus Newfleet High Yield Fund,PHCHX US equity,David L Albrycht,Member:Fund Management Team,1/1/11
,,Kyle A Jennings,Member:Fund Management Team,1/1/11
,,Frank Ossino,Member:Fund Management Team,1/1/12
,,Eric Hess,Member:Fund Management Team,8/30/19
,,Bill Eastwood,Member:Fund Management Team,8/30/19
,,#N/A N/A,#N/A N/A,#N/A N/A
,,#N/A N/A,#N/A N/A,#N/A N/A
,,#N/A N/A,#N/A N/A,#N/A N/A
,,#N/A N/A,#N/A N/A,#N/A N/A
,,#N/A N/A,#N/A N/A,#N/A N/A
Delaware High-Yield Opportunities Fund,DHOAX US equity,#N/A N/A,#N/A N/A,#N/A N/A
,,#N/A N/A,#N/A N/A,#N/A N/A
,,#N/A N/A,#N/A N/A,#N/A N/A
,,Adam H Brown,Member: Fund Management Team,11/1/14
,,#N/A N/A,#N/A N/A,#N/A N/A
,,#N/A N/A,#N/A N/A,#N/A N/A
,,#N/A N/A,#N/A N/A,#N/A N/A
,,#N/A N/A,#N/A N/A,#N/A N/A
,,#N/A N/A,#N/A N/A,#N/A N/A
,,#N/A N/A,#N/A N/A,#N/A N/A
TIAA-CREF High Yield Fund,TIHYX US equity,Kevin R Lorenz,FUND MANAGER,1/1/06
,,Jean Lin,Portfolio Manager,1/1/11
,,#N/A N/A,#N/A N/A,#N/A N/A
,,#N/A N/A,#N/A N/A,#N/A N/A
,,#N/A N/A,#N/A N/A,#N/A N/A
,,#N/A N/A,#N/A N/A,#N/A N/A
,,#N/A N/A,#N/A N/A,#N/A N/A
,,#N/A N/A,#N/A N/A,#N/A N/A
,,#N/A N/A,#N/A N/A,#N/A N/A
,,,,
Fidelity High Income Fund,SPHIX US equity,Michael Weaver,Co-Manager,12/4/18
,,Alexandre Karam,Co-Manager,12/4/18
,,#N/A N/A,#N/A N/A,#N/A N/A
,,#N/A N/A,#N/A N/A,#N/A N/A
,,#N/A N/A,#N/A N/A,#N/A N/A
,,#N/A N/A,#N/A N/A,#N/A N/A
,,#N/A N/A,#N/A N/A,#N/A N/A
,,#N/A N/A,#N/A N/A,#N/A N/A
,,#N/A N/A,#N/A N/A,#N/A N/A
,,#N/A N/A,#N/A N/A,#N/A N/A
TCW High Yield Bond Fund,TGHYX US equity,Laird R Landmann,Co-Manager,2/1/11
,,#N/A N/A,#N/A N/A,#N/A N/A
,,,,
,,,,
,,,,
,,,,
,,,,
,,,,
,,,,
,,,,
T Rowe Price High Yield Fund Inc,PRHYX US equity,Rodney Rayburn,FUND MANAGER,#N/A N/A
,,#N/A N/A,#N/A N/A,#N/A N/A
,,#N/A N/A,#N/A N/A,#N/A N/A
,,#N/A N/A,#N/A N/A,#N/A N/A
,,#N/A N/A,#N/A N/A,#N/A N/A
,,#N/A N/A,#N/A N/A,#N/A N/A
,,#N/A N/A,#N/A N/A,#N/A N/A
,,#N/A N/A,#N/A N/A,#N/A N/A
,,,,
,,,,
USAA High Income Fund,USHYX US equity,John Charles Spear,Member:Fund Management Team,11/1/16
,,Kurt Daum,Member:Fund Management Team,11/4/16
,,Neal Graves,Member:Fund Management Team,7/1/19
,,James Jackson,Member:Fund Management Team,7/1/19
,,Julianne Bass,Member:Fund Management Team,1/1/07
,,#N/A N/A,#N/A N/A,#N/A N/A
,,#N/A N/A,#N/A N/A,#N/A N/A
,,#N/A N/A,#N/A N/A,#N/A N/A
,,#N/A N/A,#N/A N/A,#N/A N/A
,,#N/A N/A,#N/A N/A,#N/A N/A
Guggenheim High Yield Fund,SHYIX US equity,#N/A N/A,#N/A N/A,#N/A N/A
,,Kevin H Gundersen,Member: Fund Management Team,8/1/12
,,Thomas Hauser,Member:Fund Management Team,1/1/17
,,Richard De Wet,Member:Fund Management Team,#N/A N/A
,,#N/A N/A,#N/A N/A,#N/A N/A
,,#N/A N/A,#N/A N/A,#N/A N/A
,,#N/A N/A,#N/A N/A,#N/A N/A
,,#N/A N/A,#N/A N/A,#N/A N/A
,,#N/A N/A,#N/A N/A,#N/A N/A
,,#N/A N/A,#N/A N/A,#N/A N/A
BrandywineGLOBAL - Global High Yield Fund,LMZIX US equity,Tracy Chen,Member:Fund Management Team,12/28/09
,,Brian L Kloss,Member: Fund Management Team,12/31/09
,,"Gerhardt P Herbert ""Gary""",Member: Fund Management Team,3/31/10
,,#N/A N/A,#N/A N/A,#N/A N/A
,,,,
,,,,
,,,,
,,,,
,,,,
,,,,
Principal Funds Income High Yield Fund,PHYTX US equity,Josh Rank,Member:Fund Management Team,#N/A N/A
,,Darrin E Smith,Member:Fund Management Team,1/1/09
,,Mark P Denkinger,Member:Fund Management Team,5/4/09
,,#N/A N/A,#N/A N/A,#N/A N/A
,,#N/A N/A,#N/A N/A,#N/A N/A
,,#N/A N/A,#N/A N/A,#N/A N/A
,,#N/A N/A,#N/A N/A,#N/A N/A
,,#N/A N/A,#N/A N/A,#N/A N/A
,,#N/A N/A,#N/A N/A,#N/A N/A
,,#N/A N/A,#N/A N/A,#N/A N/A
Morgan Stanley Institutional Fund Trust - High Yield Portfolio,MSYIX US equity,Jack Cimarosa,Co-Manager,1/1/17
,,Richard J Lindquist,Co-Manager,2/1/12
,,#N/A N/A,#N/A N/A,#N/A N/A
,,#N/A N/A,#N/A N/A,#N/A N/A
,,#N/A N/A,#N/A N/A,#N/A N/A
,,#N/A N/A,#N/A N/A,#N/A N/A
,,#N/A N/A,#N/A N/A,#N/A N/A
,,#N/A N/A,#N/A N/A,#N/A N/A
,,,,
,,,,
Lord Abbett High Yield Fund,LHYAX US equity,Steven F Rocco,Portfolio Manager,1/1/10
,,Robert A Lee,Portfolio Manager,1/1/13
,,Christopher Gizzo,Portfolio Manager,1/1/13
,,#N/A N/A,#N/A N/A,#N/A N/A
,,#N/A N/A,#N/A N/A,#N/A N/A
,,#N/A N/A,#N/A N/A,#N/A N/A
,,,,
,,,,
,,,,
,,,,
Payden High Income Fund,PYHRX US equity,Kristin J Ceva,Member Fund Management Team,#N/A N/A
,,"James P Sarni ""Jim""",Member Fund Management Team,#N/A N/A
,,James T Wong,Member Fund Management Team,#N/A N/A
,,Alfred Giles,Member Fund Management Team,#N/A N/A
,,Timothy Crawmer,Member Fund Management Team,#N/A N/A
,,Jordan Lopez,Member Fund Management Team,8/14/12
,,#N/A N/A,#N/A N/A,#N/A N/A
,,#N/A N/A,#N/A N/A,#N/A N/A
,,,,
,,,,
Federated Hermes Opportunistic High Yield Bond Fund,FHYTX US equity,#N/A N/A,#N/A N/A,#N/A N/A
,,#N/A N/A,#N/A N/A,#N/A N/A
,,#N/A N/A,#N/A N/A,#N/A N/A
,,#N/A N/A,#N/A N/A,#N/A N/A
,,#N/A N/A,#N/A N/A,#N/A N/A
,,#N/A N/A,#N/A N/A,#N/A N/A
,,#N/A N/A,#N/A N/A,#N/A N/A
,,#N/A N/A,#N/A N/A,#N/A N/A
,,#N/A N/A,#N/A N/A,#N/A N/A
,,,,
American Beacon SiM High Yield Opportunities Fund,SHOAX US equity,Gary J Pokrzywinski,Co-Manager,2/14/11
,,Brian L Placzek,Co-Manager,1/1/11
,,#N/A N/A,#N/A N/A,#N/A N/A
,,#N/A N/A,#N/A N/A,#N/A N/A
,,#N/A N/A,#N/A N/A,#N/A N/A
,,#N/A N/A,#N/A N/A,#N/A N/A
,,#N/A N/A,#N/A N/A,#N/A N/A
,,#N/A N/A,#N/A N/A,#N/A N/A
,,,,
,,,,
Federated Hermes High Income B,FHIIX US equity,Mark E Durbiano,Co-Manager,1/1/87
,,Steven Wagner,Portfolio Manager,5/1/17
,,#N/A N/A,#N/A N/A,#N/A N/A
,,#N/A N/A,#N/A N/A,#N/A N/A
,,#N/A N/A,#N/A N/A,#N/A N/A
,,,,
,,,,
,,,,
,,,,
,,,,
DWS High Income Fund,KHYAX US equity,Thomas R Bouchard,Member:Fund Management Team,1/1/16
,,Lonnie Fox,Member:Fund Management Team,8/1/18
,,Gary Russell,Member:Fund Management Team,8/2/06
,,#N/A N/A,#N/A N/A,#N/A N/A
,,#N/A N/A,#N/A N/A,#N/A N/A
,,,,
,,,,
,,,,
,,,,
,,,,
Nuveen High Yield Income Fund,NCOAX US equity,Jean C Lin,Co Manager,8/17/20
,,Scott Caraher,Co Manager,1/1/19
,,#N/A N/A,#N/A N/A,#N/A N/A
,,#N/A N/A,#N/A N/A,#N/A N/A
,,#N/A N/A,#N/A N/A,#N/A N/A
,,#N/A N/A,#N/A N/A,#N/A N/A
,,#N/A N/A,#N/A N/A,#N/A N/A
,,#N/A N/A,#N/A N/A,#N/A N/A
,,#N/A N/A,#N/A N/A,#N/A N/A
,,,,
Hartford High Yield Fund/The,HAHAX US equity,Chris Jones,Fund Manager,3/5/12
,,David Marshak,Fund Manager,1/1/12
,,#N/A N/A,#N/A N/A,#N/A N/A
,,#N/A N/A,#N/A N/A,#N/A N/A
,,#N/A N/A,#N/A N/A,#N/A N/A
,,#N/A N/A,#N/A N/A,#N/A N/A
,,#N/A N/A,#N/A N/A,#N/A N/A
,,,,
,,,,
,,,,
Loomis Sayles High Income Fund,NEFHX US equity,"Matthew J Eagan ""Matt""",MEMBER:FUND MANAGEMENT TEAM,1/1/02
,,Elaine M Stokes,MEMBER:FUND MANAGEMENT TEAM,1/1/07
,,#N/A N/A,#N/A N/A,#N/A N/A
,,#N/A N/A,#N/A N/A,#N/A N/A
,,#N/A N/A,#N/A N/A,#N/A N/A
,,#N/A N/A,#N/A N/A,#N/A N/A
,,#N/A N/A,#N/A N/A,#N/A N/A
,,#N/A N/A,#N/A N/A,#N/A N/A
,,#N/A N/A,#N/A N/A,#N/A N/A
,,,,
Putnam High Yield Fund,PHYIX US equity,Norm Boucher,Member: Fund Management Team,1/1/05
,,Robert L Salvin,Member: Fund Management Team,1/1/05
,,#N/A N/A,#N/A N/A,#N/A N/A
,,#N/A N/A,#N/A N/A,#N/A N/A
,,#N/A N/A,#N/A N/A,#N/A N/A
,,,,
,,,,
,,,,
,,,,
,,,,
Western Asset Global High Yield Bond Fund,SAHYX US equity,Michael C Buchanan,Member:Portfolio Management Te,1/1/06
,,Ian R Edmonds,Member:Fund Management Team,1/1/12
,,Walter E Kilcullen,Member:Fund Management Team,1/1/12
,,"S Kenneth Leech ""Ken""",Member:Portfolio Management Te,1/1/06
,,Tj Settel,Member:Fund Management Team,1/1/12
,,Paul Shuttleworth,Member:Fund Management Team,1/1/12
,,Christopher F Kilpatrick,Member:Fund Management Team,#N/A N/A
,,#N/A N/A,#N/A N/A,#N/A N/A
,,#N/A N/A,#N/A N/A,#N/A N/A
,,#N/A N/A,#N/A N/A,#N/A N/A
Nationwide Amundi Global High Yield Fund,NWXIX US equity,#N/A N/A,#N/A N/A,#N/A N/A
,,Ken Monaghan,Portfolio Manager,1/1/15
,,Andrew D Feltus,Portfolio Manager,1/1/18
,,#N/A N/A,#N/A N/A,#N/A N/A
,,#N/A N/A,#N/A N/A,#N/A N/A
,,,,
,,,,
,,,,
,,,,
,,,,
Pax High Yield Bond Fund,PAXHX US equity,Peter Schwab,Fund Manager,10/26/15
,,#N/A N/A,#N/A N/A,#N/A N/A
,,#N/A N/A,#N/A N/A,#N/A N/A
,,#N/A N/A,#N/A N/A,#N/A N/A
,,#N/A N/A,#N/A N/A,#N/A N/A
,,#N/A N/A,#N/A N/A,#N/A N/A
,,#N/A N/A,#N/A N/A,#N/A N/A
,,#N/A N/A,#N/A N/A,#N/A N/A
,,#N/A N/A,#N/A N/A,#N/A N/A
,,#N/A N/A,#N/A N/A,#N/A N/A
Macquarie High Yield Bond Portfolio,DPHYX US equity,John P McCarthy,Co Manager,12/4/12
,,Adam H Brown,Co Manager,11/6/14
,,#N/A N/A,#N/A N/A,#N/A N/A
,,#N/A N/A,#N/A N/A,#N/A N/A
,,,,
,,,,
,,,,
,,,,
,,,,
,,,,
1290 High Yield Bond Fund,TNHAX US equity,Kenneth Kozlowski,Member: Fund Management Team,1/1/14
,,Alwi Chan,Member: Fund Management Team,1/1/14
,,Carl Whitbeck,Member: Fund Management Team,1/1/14
,,#N/A N/A,#N/A N/A,#N/A N/A
,,#N/A N/A,#N/A N/A,#N/A N/A
,,#N/A N/A,#N/A N/A,#N/A N/A
,,#N/A N/A,#N/A N/A,#N/A N/A
,,#N/A N/A,#N/A N/A,#N/A N/A
,,#N/A N/A,#N/A N/A,#N/A N/A
,,#N/A N/A,#N/A N/A,#N/A N/A
Ivy High Income Fund,WHIAX US equity,#N/A N/A,#N/A N/A,#N/A N/A
,,#N/A N/A,#N/A N/A,#N/A N/A
,,#N/A N/A,#N/A N/A,#N/A N/A
,,#N/A N/A,#N/A N/A,#N/A N/A
,,#N/A N/A,#N/A N/A,#N/A N/A
,,#N/A N/A,#N/A N/A,#N/A N/A
,,#N/A N/A,#N/A N/A,#N/A N/A
,,#N/A N/A,#N/A N/A,#N/A N/A
,,#N/A N/A,#N/A N/A,#N/A N/A
,,#N/A N/A,#N/A N/A,#N/A N/A
Northern Multi-Manager High Yield Opportunity Fund,NMHYX US equity,Christopher Edward Vella,Fund Manager,#N/A N/A
,,#N/A N/A,#N/A N/A,#N/A N/A
,,#N/A N/A,#N/A N/A,#N/A N/A
,,#N/A N/A,#N/A N/A,#N/A N/A
,,#N/A N/A,#N/A N/A,#N/A N/A
,,,,
,,,,
,,,,
,,,,
,,,,
Pacific Funds Strategic Income,PLSRX US equity,Michael Marzouk,Co-Manager,#N/A N/A
,,Brian Robertson,Co-Manager,12/21/11
,,#N/A N/A,#N/A N/A,#N/A N/A
,,#N/A N/A,#N/A N/A,#N/A N/A
,,#N/A N/A,#N/A N/A,#N/A N/A
,,#N/A N/A,#N/A N/A,#N/A N/A
,,,,
,,,,
,,,,
,,,,
PIA High Yield Fund,PHYSX US equity,Lloyd McAdams,Member:Fund Management Team,#N/A N/A
,,Evangelos Karagiannis,Member:Fund Management Team,10/22/17
,,Michael Y Yean,Member:Fund Management Team,10/22/17
,,#N/A N/A,#N/A N/A,#N/A N/A
,,#N/A N/A,#N/A N/A,#N/A N/A
,,,,
,,,,
,,,,
,,,,
,,,,
Angel Oak High Yield Opportunities Fund,ANHAX US equity,Nichole Hammond,Member:Fund Management Team,#N/A N/A
,,Matt Kennedy,Member: Fund Management Team,1/1/09
,,"Sreeniwas V Prabhu ""Sreeni""",Member: Fund Management Team,3/1/16
,,Berkin Kologlu,Member: Fund Management Team,7/1/16
,,#N/A N/A,#N/A N/A,#N/A N/A
,,#N/A N/A,#N/A N/A,#N/A N/A
,,,,
,,,,
,,,,
,,,,
SEI Institutional Managed Trust - High Yield Bond Fund,SHYAX US equity,David Aniloff,Member: Fund Management Team,1/1/05
,,Seth J Brufsky,Member:Portfolio Management Te,1/1/07
,,John Leupp,Member: Fund Management Team,1/1/07
,,Donald Ellis Morgan III,Member: Fund Management Team,4/1/09
,,Rob Cook,Member: Fund Management Team,1/1/05
,,Thomas Hauser,Member: Fund Management Team,1/1/05
,,Paul A Matlack,Member: Fund Management Team,1/1/12
,,"Thomas James Gahan ""Tom""",Member:Fund Management Team,1/1/14
,,Michael E Paasche,Member:Fund Management Team,1/1/14
,,Adam H Brown,Member:Fund Management Team,1/1/14
Hartford Strategic Income Fund,HSNAX US equity,Chris Testa,Member:Fund Management Team,1/1/14
,,Michael Schafer,Member:Fund Management Team,1/1/15
,,#N/A N/A,#N/A N/A,#N/A N/A
,,#N/A N/A,#N/A N/A,#N/A N/A
,,#N/A N/A,#N/A N/A,#N/A N/A
,,#N/A N/A,#N/A N/A,#N/A N/A
,,#N/A N/A,#N/A N/A,#N/A N/A
,,,,
,,,,
,,,,
DWS Global High Income Fund,MGHYX US equity,Gary Russell,Member:Fund Management Team,8/2/06
,,Thomas R Bouchard,Member:Fund Management Team,1/1/16
,,Lonnie Fox,Member:Fund Management Team,8/1/18
,,#N/A N/A,#N/A N/A,#N/A N/A
,,#N/A N/A,#N/A N/A,#N/A N/A
,,#N/A N/A,#N/A N/A,#N/A N/A
,,#N/A N/A,#N/A N/A,#N/A N/A
,,#N/A N/A,#N/A N/A,#N/A N/A
,,#N/A N/A,#N/A N/A,#N/A N/A
,,#N/A N/A,#N/A N/A,#N/A N/A
Virtus Seix High Income Fund,SAHIX US equity,James Fitzpatrick,Co-Manager,1/1/13
,,Michael Kirkpatrick,Co-Manager,1/1/11
,,#N/A N/A,#N/A N/A,#N/A N/A
,,#N/A N/A,#N/A N/A,#N/A N/A
,,#N/A N/A,#N/A N/A,#N/A N/A
,,#N/A N/A,#N/A N/A,#N/A N/A
,,#N/A N/A,#N/A N/A,#N/A N/A
,,#N/A N/A,#N/A N/A,#N/A N/A
,,#N/A N/A,#N/A N/A,#N/A N/A
,,#N/A N/A,#N/A N/A,#N/A N/A
John Hancock Funds II - U.S. High Yield Bond Fund,JIHLX US equity,#N/A N/A,#N/A N/A,#N/A N/A
,,#N/A N/A,#N/A N/A,#N/A N/A
,,#N/A N/A,#N/A N/A,#N/A N/A
,,#N/A N/A,#N/A N/A,#N/A N/A
,,#N/A N/A,#N/A N/A,#N/A N/A
,,#N/A N/A,#N/A N/A,#N/A N/A
,,#N/A N/A,#N/A N/A,#N/A N/A
,,#N/A N/A,#N/A N/A,#N/A N/A
,,#N/A N/A,#N/A N/A,#N/A N/A
,,#N/A N/A,#N/A N/A,#N/A N/A
Integrity High Income Fund,IHFAX US equity,#N/A N/A,#N/A N/A,#N/A N/A
,,#N/A N/A,#N/A N/A,#N/A N/A
,,#N/A N/A,#N/A N/A,#N/A N/A
,,#N/A N/A,#N/A N/A,#N/A N/A
,,#N/A N/A,#N/A N/A,#N/A N/A
,,#N/A N/A,#N/A N/A,#N/A N/A
,,#N/A N/A,#N/A N/A,#N/A N/A
,,#N/A N/A,#N/A N/A,#N/A N/A
,,#N/A N/A,#N/A N/A,#N/A N/A
,,,,
T Rowe Price Institutional High Yield Fund,TRHYX US equity,Rodney Rayburn,FUND MANAGER,#N/A N/A
,,#N/A N/A,#N/A N/A,#N/A N/A
,,,,
,,,,
,,,,
,,,,
,,,,
,,,,
,,,,
,,,,
Pacific Funds High Income,PLHIX US equity,Michael Long,Member: Fund Management Team,#N/A N/A
,,Brian Robertson,Member:Fund Management Team,12/21/11
,,Bob Boyd,Member:Fund Management Team,5/1/14
,,#N/A N/A,#N/A N/A,#N/A N/A
,,#N/A N/A,#N/A N/A,#N/A N/A
,,,,
,,,,
,,,,
,,,,
,,,,
American High-Income Trust,AHITX US equity,David A Daigle,Member: Fund Management Team,1/1/03
,,Thomas H Chow,Member:Fund Management Team,#N/A N/A
,,Tara Torrens,Member:Fund Management Team,#N/A N/A
,,Shannon Ward,Member:Fund Management Team,#N/A N/A
,,,,
,,,,
,,,,
,,,,
,,,,
,,,,
Federated Hermes Institutional High Yield Bond Fund,FIHBX US equity,Mark E Durbiano,FUND MANAGER,11/1/02
,,#N/A N/A,#N/A N/A,#N/A N/A
,,#N/A N/A,#N/A N/A,#N/A N/A
,,#N/A N/A,#N/A N/A,#N/A N/A
,,#N/A N/A,#N/A N/A,#N/A N/A
,,,,
,,,,
,,,,
,,,,
,,,,
BlackRock High Yield Bond Portfolio,BHYIX US equity,"James E Keenan ""Jim""",Portfolio Manager,1/1/07
,,Mitch Garfin,Portfolio Manager,1/1/09
,,Derek Schoenhofen,Member: Fund Management Team,1/1/09
,,David Delbos,Portfolio Manager,1/1/14
,,#N/A N/A,#N/A N/A,#N/A N/A
,,#N/A N/A,#N/A N/A,#N/A N/A
,,#N/A N/A,#N/A N/A,#N/A N/A
,,#N/A N/A,#N/A N/A,#N/A N/A
,,,,
,,,,
T Rowe Price Credit Opportunities Fund Inc,PAOPX US equity,Rodney Rayburn,Fund Manager,7/1/15
,,#N/A N/A,#N/A N/A,#N/A N/A
,,#N/A N/A,#N/A N/A,#N/A N/A
,,#N/A N/A,#N/A N/A,#N/A N/A
,,#N/A N/A,#N/A N/A,#N/A N/A
,,#N/A N/A,#N/A N/A,#N/A N/A
,,#N/A N/A,#N/A N/A,#N/A N/A
,,#N/A N/A,#N/A N/A,#N/A N/A
,,#N/A N/A,#N/A N/A,#N/A N/A
,,#N/A N/A,#N/A N/A,#N/A N/A
Nuveen Credit Income Fund,FJSIX US equity,#N/A N/A,#N/A N/A,#N/A N/A
,,#N/A N/A,#N/A N/A,#N/A N/A
,,#N/A N/A,#N/A N/A,#N/A N/A
,,Brenda Langenfeld,Member Fund Management Team,8/17/20
,,Aashh Parekh,Member Fund Management Team,8/17/20
,,Kevin R Lorenz,Lead Manager,#N/A N/A
,,#N/A N/A,#N/A N/A,#N/A N/A
,,#N/A N/A,#N/A N/A,#N/A N/A
,,#N/A N/A,#N/A N/A,#N/A N/A
,,#N/A N/A,#N/A N/A,#N/A N/A
RBC BlueBay High Yield Bond Fund,RGHYX US equity,Tim Leary,Lead Manager,3/15/19
,,Andrzej Skiba,Member Fund Management Team,3/9/20
,,Justin Jewell,Member Fund Management Team,2/1/16
,,#N/A N/A,#N/A N/A,#N/A N/A
,,#N/A N/A,#N/A N/A,#N/A N/A
,,,,
,,,,
,,,,
,,,,
,,,,
PACE High Yield Investments,PHDYX US equity,Mabel Lung,Portfolio Manager,1/1/06
,,Fred Lee,Portfolio Manager,1/1/09
,,Gina Toth,Portfolio Manager,1/1/13
,,Steve Kotsen,Portfolio Manager,1/1/15
,,David Crall,Portfolio Manager,1/1/15
,,Simon Tan,Portfolio Manager,1/1/15
,,Steven Rosenthal,Member:Fund Management Team,7/1/15
,,Eric Torres,Member:Fund Management Team,10/1/16
,,,,
,,,,
Manning & Napier High Yield Bond Series,MNHYX US equity,Marc Bushallow,Member: Fund Management Team,1/1/08
,,Keith Harwood,Member: Fund Management Team,1/1/03
,,#N/A N/A,#N/A N/A,#N/A N/A
,,#N/A N/A,#N/A N/A,#N/A N/A
,,#N/A N/A,#N/A N/A,#N/A N/A
,,#N/A N/A,#N/A N/A,#N/A N/A
,,#N/A N/A,#N/A N/A,#N/A N/A
,,#N/A N/A,#N/A N/A,#N/A N/A
,,#N/A N/A,#N/A N/A,#N/A N/A
,,#N/A N/A,#N/A N/A,#N/A N/A
Western Asset High Yield Fund,WAHYX US equity,#N/A N/A,#N/A N/A,#N/A N/A
,,#N/A N/A,#N/A N/A,#N/A N/A
,,#N/A N/A,#N/A N/A,#N/A N/A
,,#N/A N/A,#N/A N/A,#N/A N/A
,,,,
,,,,
,,,,
,,,,
,,,,
,,,,
Virtus Seix High Yield Fund,SAMHX US equity,Michael Kirkpatrick,Co-Manager,1/1/07
,,James Fitzpatrick,Co-Manager,1/1/13
,,#N/A N/A,#N/A N/A,#N/A N/A
,,#N/A N/A,#N/A N/A,#N/A N/A
,,,,
,,,,
,,,,
,,,,
,,,,
,,,,
PIMCO High Yield Spectrum Fund,PHSIX US equity,Andrew R Jessop,Co-Manager,9/15/10
,,Sonali Pier,CO MANAGER,7/27/19
,,#N/A N/A,#N/A N/A,#N/A N/A
,,#N/A N/A,#N/A N/A,#N/A N/A
,,#N/A N/A,#N/A N/A,#N/A N/A
,,#N/A N/A,#N/A N/A,#N/A N/A
,,#N/A N/A,#N/A N/A,#N/A N/A
,,#N/A N/A,#N/A N/A,#N/A N/A
,,,,
,,,,
Fidelity Series High Income Fund,FSHNX US equity,Fred Hoff,Fund Manager,3/10/11
,,#N/A N/A,#N/A N/A,#N/A N/A
,,#N/A N/A,#N/A N/A,#N/A N/A
,,#N/A N/A,#N/A N/A,#N/A N/A
,,#N/A N/A,#N/A N/A,#N/A N/A
,,#N/A N/A,#N/A N/A,#N/A N/A
,,#N/A N/A,#N/A N/A,#N/A N/A
,,#N/A N/A,#N/A N/A,#N/A N/A
,,#N/A N/A,#N/A N/A,#N/A N/A
,,,,
John Hancock Funds II - High Yield Fund,JIHDX US equity,Walter E Kilcullen,Lead Manager,#N/A N/A
,,Michael C Buchanan,Co-Manager,1/1/06
,,"S Kenneth Leech ""Ken""",Co-Manager,1/1/14
,,,,
,,,,
,,,,
,,,,
,,,,
,,,,
,,,,
PGIM High Yield Fund,PBHAX US equity,Robert Cignarella,Member: Fund Management Team,3/1/14
,,Ryan Kelly,Member: Fund Management Team,2/1/12
,,Robert Spano,MEMBER: FUND MANAGEMENT TEAM,1/1/07
,,Brian Clapp,Member: Fund Management Team,1/1/13
,,Daniel Thorogood,Member: Fund Management Team,3/1/14
,,,,
,,,,
,,,,
,,,,
,,,,
T Rowe Price Global High Income Bond Fund,RPIHX US equity,Samy Muaddi,CO MANAGER,1/1/20
,,Mark J Vaselkiv,Co-Manager,1/1/15
,,Mike Della Vedova,Co-Manager,1/1/15
,,#N/A N/A,#N/A N/A,#N/A N/A
,,#N/A N/A,#N/A N/A,#N/A N/A
,,#N/A N/A,#N/A N/A,#N/A N/A
,,#N/A N/A,#N/A N/A,#N/A N/A
,,#N/A N/A,#N/A N/A,#N/A N/A
,,,,
,,,,
SEI Institutional Investment Trust - High Yield Bond Fund,SGYAX US equity,Rob Cook,Member: Fund Management Team,#N/A N/A
,,Donald Ellis Morgan III,Member: Fund Management Team,4/1/09
,,Seth J Brufsky,Portfolio Manager,#N/A N/A
,,Americo Cascella,Member: Fund Management Team,#N/A N/A
,,Thomas Hauser,MEMBER: FUND MANAGEMENT TEAM,#N/A N/A
,,John Leupp,Member: Fund Management Team,#N/A N/A
,,Kevin P Loome,Member: Fund Management Team,7/1/08
,,Patrick Mitchell,Member: Fund Management Team,7/1/09
,,David Aniloff,Member: Fund Management Team,1/1/05
,,Todd Boehly,Member: Fund Management Team,1/1/09
,,#N/A Mandatory parameter [SECURITY] cannot be empty,CO MANAGER,1/1/20
,,Mark J Vaselkiv,Co-Manager,1/1/15
,,Mike Della Vedova,Co-Manager,1/1/15
,,#N/A N/A,#N/A N/A,#N/A N/A
HC Capital Trust - HC The Corporate Opportunities,HCHYX US equity,Anup Agarwal,Member:Fund Management Team,7/1/14
,,Ian Justice,Member:Fund Management Team,10/1/14
,,"S Kenneth Leech ""Ken""",Member:Fund Management Team,7/1/14
,,Harris A Trifon,Member:Fund Management Team,7/1/14
,,Paul Benson,Member:Fund Management Team,3/1/16
,,Brendan M White,Member:Fund Management Team,5/1/12
,,Brad Conger,Member:Fund Management Team,8/1/13
,,Stephanie Shu,Member:Fund Management Team,8/1/13
,,John Dire,Member:Fund Management Team,8/1/13
,,Manuel Hayes,Member:Fund Management Team,8/1/13
,,Michael Sugrue,Member:Fund Management Team,11/1/14
,,James Millward,Member:Fund Management Team,11/1/14
,,Michael Edmonds,Member:Fund Management Team,11/1/14
,,Clint Talmo,Member:Fund Management Team,3/1/15
,,Justin Henne,Member:Fund Management Team,3/1/15
,,Jason Nelson,Member:Fund Management Team,3/1/15
,,Scott Jacobson,MEMBER:FUND MANAGEMENT TEAM,1/1/16
,,"Timothy J Jossart ""Tim""",Member:Fund Management Team,3/1/16
,,Garrick T Bauer,Member:Fund Management Team,3/1/16
,,"Thomas B Lee ""Tom""",Member:Fund Management Team,6/1/16
T Rowe Price US High Yield Fund,TUHAX US equity,Kevin P Loome,Fund Manager,4/1/13
,,#N/A N/A,#N/A N/A,#N/A N/A
,,#N/A N/A,#N/A N/A,#N/A N/A
,,#N/A N/A,#N/A N/A,#N/A N/A
,,#N/A N/A,#N/A N/A,#N/A N/A
,,,,
,,,,
,,,,
,,,,
,,,,
AB FlexFee High Yield Portfolio,HIYYX US equity,Gershon M Distenfeld,Member: Fund Management Team,1/1/14
,,Ivan Rudolph-Shabinsky,Member: Fund Management Team,1/1/14
,,#N/A N/A,#N/A N/A,#N/A N/A
,,#N/A N/A,#N/A N/A,#N/A N/A
,,#N/A N/A,#N/A N/A,#N/A N/A
,,#N/A N/A,#N/A N/A,#N/A N/A
,,#N/A N/A,#N/A N/A,#N/A N/A
,,#N/A N/A,#N/A N/A,#N/A N/A
,,#N/A N/A,#N/A N/A,#N/A N/A
,,#N/A N/A,#N/A N/A,#N/A N/A
FIDELITY ADVISOR SERIES I - Fidelity Advisor High Income Advantage Fund,FAHYX US equity,Mark J Notkin,Co-Manager,#N/A N/A
,,Brian Chang,Co-Manager,#N/A N/A
,,#N/A N/A,#N/A N/A,#N/A N/A
,,#N/A N/A,#N/A N/A,#N/A N/A
,,#N/A N/A,#N/A N/A,#N/A N/A
,,#N/A N/A,#N/A N/A,#N/A N/A
,,#N/A N/A,#N/A N/A,#N/A N/A
,,,,
,,,,
,,,,
Great-West High Yield Bond Fund,MXHYX US equity,Norm Boucher,Member: Fund Management Team,1/1/09
,,Robert L Salvin,Member: Fund Management Team,1/1/09
,,Paul D Scanlon,Member:Fund Management Team,1/1/09
,,#N/A N/A,#N/A N/A,#N/A N/A
,,#N/A N/A,#N/A N/A,#N/A N/A
,,,,
,,,,
,,,,
,,,,
,,,,
Franklin High Income Fund/United States,FHAIX US equity,Patricia O'Connor,Member Fund Management Team,8/1/20
,,James McGiveran,Member Fund Management Team,8/1/20
,,Bryant Dieffenbacher,Member Fund Management Team,8/1/20
,,Glenn Voyles,Member Fund Management Team,1/1/15
,,#N/A N/A,#N/A N/A,#N/A N/A
,,#N/A N/A,#N/A N/A,#N/A N/A
,,#N/A N/A,#N/A N/A,#N/A N/A
,,,,
,,,,
,,,,
Fidelity Capital & Income Fund,FAGIX US equity,Mark J Notkin,Co-Manager,7/15/03
,,Brian Chang,Co-Manager,#N/A N/A
,,#N/A N/A,#N/A N/A,#N/A N/A
,,#N/A N/A,#N/A N/A,#N/A N/A
,,#N/A N/A,#N/A N/A,#N/A N/A
,,#N/A N/A,#N/A N/A,#N/A N/A
,,,,
,,,,
,,,,
,,,,
Loomis Sayles High Income Opportunities Fund,LSIOX US equity,Brian P Kennedy,MEMBER FUND MANAGEMENT TEAM,7/19/19
,,Todd P Vandam,MEMBER FUND MANAGEMENT TEAM,7/19/19
,,"Daniel J Fuss ""Dan""",MEMBER:FUND MANAGEMENT TEAM,4/1/04
,,"Matthew J Eagan ""Matt""",MEMBER:FUND MANAGEMENT TEAM,4/1/04
,,#N/A N/A,#N/A N/A,#N/A N/A
,,#N/A N/A,#N/A N/A,#N/A N/A
,,#N/A N/A,#N/A N/A,#N/A N/A
,,#N/A N/A,#N/A N/A,#N/A N/A
,,#N/A N/A,#N/A N/A,#N/A N/A
,,#N/A N/A,#N/A N/A,#N/A N/A
Artisan High Income Fund,APDFX US equity,Bryan C Krug,Fund Manager,3/19/14
,,#N/A N/A,#N/A N/A,#N/A N/A
,,#N/A N/A,#N/A N/A,#N/A N/A
,,#N/A N/A,#N/A N/A,#N/A N/A
,,#N/A N/A,#N/A N/A,#N/A N/A
,,#N/A N/A,#N/A N/A,#N/A N/A
,,#N/A N/A,#N/A N/A,#N/A N/A
,,#N/A N/A,#N/A N/A,#N/A N/A
,,#N/A N/A,#N/A N/A,#N/A N/A
,,,,
Victory High Yield Fund,GUHYX US equity,Kevin Booth,Member: Fund Management Team,1/1/09
,,Paul Gillin,Member: Fund Management Team,1/1/14
,,John Blaney,Member:Fund Management Team,1/1/15
,,#N/A N/A,#N/A N/A,#N/A N/A
,,#N/A N/A,#N/A N/A,#N/A N/A
,,#N/A N/A,#N/A N/A,#N/A N/A
,,#N/A N/A,#N/A N/A,#N/A N/A
,,#N/A N/A,#N/A N/A,#N/A N/A
,,#N/A N/A,#N/A N/A,#N/A N/A
,,#N/A N/A,#N/A N/A,#N/A N/A
Catalyst/SMH High Income Fund,HIIFX US equity,#N/A N/A,#N/A N/A,#N/A N/A
,,#N/A N/A,#N/A N/A,#N/A N/A
,,#N/A N/A,#N/A N/A,#N/A N/A
,,#N/A N/A,#N/A N/A,#N/A N/A
,,#N/A N/A,#N/A N/A,#N/A N/A
,,#N/A N/A,#N/A N/A,#N/A N/A
,,#N/A N/A,#N/A N/A,#N/A N/A
,,#N/A N/A,#N/A N/A,#N/A N/A
,,#N/A N/A,#N/A N/A,#N/A N/A
,,,,
American Funds Global High-Income Opportunities Fund,GHIAX US equity,Laurentius Harrer,Member:Fund Management Team,#N/A N/A
,,David A Daigle,Member:Fund Management Team,#N/A N/A
,,Robert H Neithart,Member:Fund Management Team,#N/A N/A
,,#N/A N/A,#N/A N/A,#N/A N/A
,,#N/A N/A,#N/A N/A,#N/A N/A
,,#N/A N/A,#N/A N/A,#N/A N/A
,,#N/A N/A,#N/A N/A,#N/A N/A
,,#N/A N/A,#N/A N/A,#N/A N/A
,,#N/A N/A,#N/A N/A,#N/A N/A
,,#N/A N/A,#N/A N/A,#N/A N/A
Pioneer Corporate High Yield Fund,RCRAX US equity,Andrew D Feltus,Member Fund Management Team,9/28/20
,,Matt Shulkin,Member Fund Management Team,9/28/20
,,Ken Monaghan,Member Fund Management Team,9/28/20
,,#N/A N/A,#N/A N/A,#N/A N/A
,,#N/A N/A,#N/A N/A,#N/A N/A
,,,,
,,,,
,,,,
,,,,
,,,,
Muzinich US High Yield Corporate Bond Fund,MZHSX US equity,Kevin Ziets,Fund Manager,6/1/20
,,Bryan Petermann,Fund Manager,9/1/10
,,#N/A N/A,#N/A N/A,#N/A N/A
,,#N/A N/A,#N/A N/A,#N/A N/A
,,,,
,,,,
,,,,
,,,,
,,,,
,,,,
HIMCO VIT High Yield Bond Fund,HVHYX US equity,Brian L Biskupiak,Co-Manager,1/1/15
,,Jim Serhant,Co-Manager,1/1/15
,,#N/A N/A,#N/A N/A,#N/A N/A
,,#N/A N/A,#N/A N/A,#N/A N/A
,,,,
,,,,
,,,,
,,,,
,,,,
,,,,
Diamond Hill High Yield Fund,DHHAX US equity,"William P Zox ""Bill""",Member:Fund Management Team,12/1/15
,,Suken Patel,Member:Fund Management Team,12/1/15
,,John McClain,MEMBER FUND MANAGEMENT TEAM,12/1/15
,,#N/A N/A,#N/A N/A,#N/A N/A
,,#N/A N/A,#N/A N/A,#N/A N/A
,,,,
,,,,
,,,,
,,,,
,,,,
Direxion Monthly High Yield Bull 1.2X Fund,DXHYX US equity,Paul Brigandi,Co-Manager,2/1/16
,,Tony Ng,Co-Manager,2/1/16
,,#N/A N/A,#N/A N/A,#N/A N/A
,,#N/A N/A,#N/A N/A,#N/A N/A
,,#N/A N/A,#N/A N/A,#N/A N/A
,,#N/A N/A,#N/A N/A,#N/A N/A
,,#N/A N/A,#N/A N/A,#N/A N/A
,,#N/A N/A,#N/A N/A,#N/A N/A
,,#N/A N/A,#N/A N/A,#N/A N/A
,,#N/A N/A,#N/A N/A,#N/A N/A
Eaton Vance Advisers Senior Floating-Rate Fund,EVAASFL US equity,Scott H Page,CO-MANAGER,#N/A N/A
,,Craig P Russ,CO-MANAGER,11/7/07
,,#N/A N/A,#N/A N/A,#N/A N/A
,,#N/A N/A,#N/A N/A,#N/A N/A
,,,,
,,,,
,,,,
,,,,
,,,,
,,,,
Ivy ProShares Interest Rate Hedged High Yield Index Fund,IAIRX US equity,#N/A N/A,CO-MANAGER,#N/A N/A
,,Craig P Russ,CO-MANAGER,11/8/07
,,#N/A N/A,#N/A N/A,#N/A N/A
,,#N/A N/A,#N/A N/A,#N/A N/A
,,,,
,,,,
,,,,
,,,,
,,,,
,,,,
Penn Capital Defensive Short Duration High Income Fund,PSHNX US equity,Peter Duffy,Fund Manager,#N/A N/A
,,#N/A N/A,#N/A N/A,#N/A N/A
,,#N/A N/A,#N/A N/A,#N/A N/A
,,#N/A N/A,#N/A N/A,#N/A N/A
,,#N/A N/A,#N/A N/A,#N/A N/A
,,#N/A N/A,#N/A N/A,#N/A N/A
,,#N/A N/A,#N/A N/A,#N/A N/A
,,#N/A N/A,#N/A N/A,#N/A N/A
,,,,
,,,,
American Century NT High Income Fund,AHGNX US equity,#N/A N/A,#N/A N/A,#N/A N/A
,,#N/A N/A,#N/A N/A,#N/A N/A
,,#N/A N/A,#N/A N/A,#N/A N/A
,,#N/A N/A,#N/A N/A,#N/A N/A
,,#N/A N/A,#N/A N/A,#N/A N/A
,,,,
,,,,
,,,,
,,,,
,,,,
Ivy PineBridge High Yield Fund,IPNAX US equity,#N/A N/A,#N/A N/A,#N/A N/A
,,#N/A N/A,#N/A N/A,#N/A N/A
,,,,
,,,,
,,,,
,,,,
,,,,
,,,,
,,#N/A N/A,#N/A N/A,#N/A N/A
,,#N/A N/A,#N/A N/A,#N/A N/A
PPM High Yield Core Fund,PKHIX US equity,John Broz,MEMBER FUND MANAGEMENT TEAM,5/31/19
,,Adam Spielman,MEMBER FUND MANAGEMENT TEAM,5/31/19
,,Karl Petrovich,MEMBER FUND MANAGEMENT TEAM,5/31/19
,,#N/A N/A,#N/A N/A,#N/A N/A
,,#N/A N/A,#N/A N/A,#N/A N/A
,,#N/A N/A,#N/A N/A,#N/A N/A
,,,,
,,,,
,,,,
,,,,
AQR High Yield Bond Fund,QHYIX US equity,#N/A N/A,#N/A N/A,#N/A N/A
,,#N/A N/A,#N/A N/A,#N/A N/A
,,#N/A N/A,#N/A N/A,#N/A N/A
,,#N/A N/A,#N/A N/A,#N/A N/A
,,#N/A N/A,#N/A N/A,#N/A N/A
,,#N/A N/A,#N/A N/A,#N/A N/A
,,,,
,,,,
,,,,
,,,,
PIA High Yield MACS Fund,PIAMX US equity,#N/A N/A,#N/A N/A,#N/A N/A
,,#N/A N/A,#N/A N/A,#N/A N/A
,,#N/A N/A,#N/A N/A,#N/A N/A
,,#N/A N/A,#N/A N/A,#N/A N/A
,,#N/A N/A,#N/A N/A,#N/A N/A
,,#N/A N/A,#N/A N/A,#N/A N/A
,,#N/A N/A,#N/A N/A,#N/A N/A
,,,,
,,,,
,,,,
American Century High Income Fund,AHIAX US equity,#N/A N/A,#N/A N/A,#N/A N/A
,,#N/A N/A,#N/A N/A,#N/A N/A
,,#N/A N/A,#N/A N/A,#N/A N/A
,,#N/A N/A,#N/A N/A,#N/A N/A
,,#N/A N/A,#N/A N/A,#N/A N/A
,,,,
,,,,
,,,,
,,,,
,,,,
Crossingbridge Low Duration High Yield Fund,CBLDX US equity,David K Sherman,Co-Manager,#N/A N/A
,,Michael De Kler,Co-Manager,#N/A N/A
,,#N/A N/A,#N/A N/A,#N/A N/A
,,#N/A N/A,#N/A N/A,#N/A N/A
,,#N/A N/A,#N/A N/A,#N/A N/A
,,,,
,,,,
,,,,
,,,,
,,,,
GMO High Yield Fund,GHVIX US equity,#N/A N/A,#N/A N/A,#N/A N/A
,,#N/A N/A,#N/A N/A,#N/A N/A
,,#N/A N/A,#N/A N/A,#N/A N/A
,,#N/A N/A,#N/A N/A,#N/A N/A
,,#N/A N/A,#N/A N/A,#N/A N/A
,,#N/A N/A,#N/A N/A,#N/A N/A
,,#N/A N/A,#N/A N/A,#N/A N/A
,,#N/A N/A,#N/A N/A,#N/A N/A
,,#N/A N/A,#N/A N/A,#N/A N/A
,,#N/A N/A,#N/A N/A,#N/A N/A
Mesirow Financial High Yield Fund,MFHIX US equity,"Robert E Sydow ""Bob""",Portfolio Manager,1/1/18
,,Kevin S Buckle,Portfolio Manager,1/1/18
,,James Lisko,Portfolio Manager,1/1/18
,,#N/A N/A,#N/A N/A,#N/A N/A
,,#N/A N/A,#N/A N/A,#N/A N/A
,,#N/A N/A,#N/A N/A,#N/A N/A
,,#N/A N/A,#N/A N/A,#N/A N/A
,,#N/A N/A,#N/A N/A,#N/A N/A
,,#N/A N/A,#N/A N/A,#N/A N/A
,,#N/A N/A,#N/A N/A,#N/A N/A
Hatteras Reinsurance Fund,HREIX US equity,#N/A N/A,#N/A N/A,#N/A N/A
,,#N/A N/A,#N/A N/A,#N/A N/A
,,#N/A N/A,#N/A N/A,#N/A N/A
,,#N/A N/A,#N/A N/A,#N/A N/A
,,#N/A N/A,#N/A N/A,#N/A N/A
,,#N/A N/A,#N/A N/A,#N/A N/A
,,#N/A N/A,#N/A N/A,#N/A N/A
,,#N/A N/A,#N/A N/A,#N/A N/A
,,#N/A N/A,#N/A N/A,#N/A N/A
,,#N/A N/A,#N/A N/A,#N/A N/A
Six Circles Credit Opportunities Fund,CRDOX US equity,#N/A N/A,#N/A N/A,#N/A N/A
,,#N/A N/A,#N/A N/A,#N/A N/A
,,#N/A N/A,#N/A N/A,#N/A N/A
,,#N/A N/A,#N/A N/A,#N/A N/A
,,#N/A N/A,#N/A N/A,#N/A N/A
,,#N/A N/A,#N/A N/A,#N/A N/A
,,#N/A N/A,#N/A N/A,#N/A N/A
,,#N/A N/A,#N/A N/A,#N/A N/A
,,,,
,,,,
Transamerica High Yield ESG,TACBX US equity,#N/A N/A,#N/A N/A,#N/A N/A
,,#N/A N/A,#N/A N/A,#N/A N/A
,,#N/A N/A,#N/A N/A,#N/A N/A
,,#N/A N/A,#N/A N/A,#N/A N/A
,,#N/A N/A,#N/A N/A,#N/A N/A
,,#N/A N/A,#N/A N/A,#N/A N/A
,,#N/A N/A,#N/A N/A,#N/A N/A
,,#N/A N/A,#N/A N/A,#N/A N/A
,,,,
,,,,
Astor Dynamic Credit Fund,ACRFX US equity,#N/A N/A,#N/A N/A,#N/A N/A
,,#N/A N/A,#N/A N/A,#N/A N/A
,,#N/A N/A,#N/A N/A,#N/A N/A
,,#N/A N/A,#N/A N/A,#N/A N/A
,,#N/A N/A,#N/A N/A,#N/A N/A
,,#N/A N/A,#N/A N/A,#N/A N/A
,,#N/A N/A,#N/A N/A,#N/A N/A
,,#N/A N/A,#N/A N/A,#N/A N/A
,,#N/A N/A,#N/A N/A,#N/A N/A
,,#N/A N/A,#N/A N/A,#N/A N/A
John Hancock Managed Account Shares Non-Investment-Grade Corporate Bond Port,JMADX US equity,#N/A N/A,#N/A N/A,#N/A N/A
,,#N/A N/A,#N/A N/A,#N/A N/A
,,#N/A N/A,#N/A N/A,#N/A N/A
,,#N/A N/A,#N/A N/A,#N/A N/A
,,#N/A N/A,#N/A N/A,#N/A N/A
,,#N/A N/A,#N/A N/A,#N/A N/A
,,#N/A N/A,#N/A N/A,#N/A N/A
,,#N/A N/A,#N/A N/A,#N/A N/A
,,,,
,,,,
Kensington Managed Income Fund,KAMAX US equity,#N/A N/A,#N/A N/A,#N/A N/A
,,#N/A N/A,#N/A N/A,#N/A N/A
,,#N/A N/A,#N/A N/A,#N/A N/A
,,#N/A N/A,#N/A N/A,#N/A N/A
,,#N/A N/A,#N/A N/A,#N/A N/A
,,,,
,,,,
,,,,
,,,,
,,,,
Sierra Tactical Bond Fund,STBKX US equity,#N/A N/A,#N/A N/A,#N/A N/A
,,#N/A N/A,#N/A N/A,#N/A N/A
,,#N/A N/A,#N/A N/A,#N/A N/A
,,#N/A N/A,#N/A N/A,#N/A N/A
,,#N/A N/A,#N/A N/A,#N/A N/A
,,#N/A N/A,#N/A N/A,#N/A N/A
,,#N/A N/A,#N/A N/A,#N/A N/A
,,#N/A N/A,#N/A N/A,#N/A N/A
,,#N/A N/A,#N/A N/A,#N/A N/A
,,#N/A N/A,#N/A N/A,#N/A N/A
Federated Hermes SDG Engagement High Yield Credit Fund,FHHIX US equity,Fraser Lundie,Lead Fund Manager,#N/A N/A
,,Mitch Reznick,Fund Manager,#N/A N/A
,,,,
,,,,
,,,,
,,,,
,,,,
,,,,
,,,,
,,,,
BondHouse Diversified Income Fund,BHDIX US equity,#N/A N/A,#N/A N/A,#N/A N/A
,,#N/A N/A,#N/A N/A,#N/A N/A
,,#N/A N/A,#N/A N/A,#N/A N/A
,,#N/A N/A,#N/A N/A,#N/A N/A
,,#N/A N/A,#N/A N/A,#N/A N/A
,,#N/A N/A,#N/A N/A,#N/A N/A
,,#N/A N/A,#N/A N/A,#N/A N/A
,,#N/A N/A,#N/A N/A,#N/A N/A
,,#N/A N/A,#N/A N/A,#N/A N/A
,,#N/A N/A,#N/A N/A,#N/A N/A
BondHouse High Income Fund,BHHGX US equity,#N/A N/A,#N/A N/A,#N/A N/A
,,#N/A N/A,#N/A N/A,#N/A N/A
,,#N/A N/A,#N/A N/A,#N/A N/A
,,#N/A N/A,#N/A N/A,#N/A N/A
,,#N/A N/A,#N/A N/A,#N/A N/A
,,,,
,,,,
,,,,
,,,,
,,,,
Lord Abbett Short Duration High Yield Fund,LSYAX US equity,#N/A N/A,#N/A N/A,#N/A N/A
,,#N/A N/A,#N/A N/A,#N/A N/A
,,#N/A N/A,#N/A N/A,#N/A N/A
,,#N/A N/A,#N/A N/A,#N/A N/A
,,,,
,,,,
,,,,
,,,,
,,,,
,,,,
Tactical Offensive Enhanced Fixed Income Fund,TCOBX US equity,#N/A N/A,#N/A N/A,#N/A N/A
,,#N/A N/A,#N/A N/A,#N/A N/A
,,#N/A N/A,#N/A N/A,#N/A N/A
,,#N/A N/A,#N/A N/A,#N/A N/A
,,#N/A N/A,#N/A N/A,#N/A N/A
,,#N/A N/A,#N/A N/A,#N/A N/A
,,#N/A N/A,#N/A N/A,#N/A N/A
,,#N/A N/A,#N/A N/A,#N/A N/A
,,,,
,,,,
VALIC Company I - High Yield Bond Fund,VHYLX US equity,#N/A N/A,#N/A N/A,#N/A N/A
,,#N/A N/A,#N/A N/A,#N/A N/A
,,#N/A N/A,#N/A N/A,#N/A N/A
,,#N/A N/A,#N/A N/A,#N/A N/A
,,,,
,,,,
,,,,
,,,,
,,,,
,,,,
,,,,
,,,,
,,,,
,,,,
,,,,
,,,,
,,,,
,,,,
,,,,
,,,,
,,,,
,,,,
,,,,
,,,,
,,,,
,,,,
,,,,
,,,,
,,,,
,,,,
,,,,
,,,,
,,,,
,,,,
,,,,
,,,,
,,,,
,,,,
,,,,
,,,,
,,,,
,,,,
,,,,